3000:  00 00 00 8C 8D 00 80 81 00 00 00 00 80 86 84 85  ................
3010:  84 85 84 85 84 86 84 85 88 89 83 00 00 00 00 8E  ................
3020:  8F 80 85 84 81 00 00 00 82 84 85 84 85 87 85 84  ................
3030:  85 84 85 83 8E 8F 00 00 00 00 00 80 81 82 87 85  ................
3040:  84 81 00 00 00 82 83 82 88 89 88 89 88 89 83 00  ................
3050:  00 00 00 00 00 00 80 85 83 8C 89 84 85 84 81 00  ................
3060:  00 00 00 00 8E 8F 8E 8F 8E 8F 00 00 00 00 00 80  ................
3070:  81 80 85 84 81 8E 8B 85 84 85 84 81 80 81 00 00  ................
3080:  00 00 00 00 00 00 00 00 80 81 80 85 87 85 84 85  ................
3090:  83 80 85 84 85 84 86 84 85 84 81 80 81 80 81 00  ................
30A0:  00 00 00 80 85 84 85 87 85 84 85 84 81 82 84 85  ................
30B0:  84 85 84 85 84 85 88 89 84 85 87 81 80 81 80 85  ................
30C0:  87 85 88 89 84 85 84 85 83 00 82 87 85 84 86 87  ................
30D0:  85 84 8A 8B 85 84 85 84 85 87 85 84 85 84 8A 8B  ................
30E0:  85 84 86 87 81 00 80 85 87 85 84 85 88 89 84 85  ................
30F0:  84 85 84 85 87 85 88 89 84 85 84 85 84 85 87 85  ................
3100:  83 80 85 87 85 84 85 84 8A 8B 85 84 85 84 85 84  ................
3110:  85 84 8A 8B 85 84 85 84 85 84 85 83 00 82 88 89  ................
3120:  84 85 88 89 84 85 84 85 84 85 84 85 84 85 84 85  ................
3130:  84 85 84 85 84 85 88 8D 00 00 8E 8B 85 84 8A 8B  ................
3140:  85 84 85 84 85 84 85 84 85 84 85 88 89 84 85 84  ................
3150:  85 87 8A 8B 81 00 80 85 84 85 84 85 84 85 84 86  ................
3160:  87 85 84 85 88 89 84 8A 8B 85 84 85 84 85 87 86  ................
3170:  83 80 86 83 82 84 85 84 85 84 85 84 85 84 85 84  ................
3180:  8A 8B 85 84 85 84 85 84 85 83 82 84 81 82 87 81  ................
3190:  00 82 88 89 84 86 87 85 84 85 84 85 84 85 84 85  ................
31A0:  84 85 88 89 83 00 00 82 83 00 82 83 00 00 8E 8F  ................
31B0:  82 84 85 84 85 84 85 84 85 84 85 84 85 83 8E 8F  ................
31C0:  00 00 00 80 81 00 8C 8D 00 00 00 00 80 86 83 82  ................
31D0:  88 89 84 85 88 89 83 82 83 00 00 00 00 00 8C 89  ................
31E0:  83 00 8E 8F 00 00 00 00 82 83 00 00 8E 8F 82 83  ................
31F0:  8E 8F 00 00 00 00 00 00 00 00 8E 8F 00 00 00 00  ................
3200:  00 00 00 00 00 00 00 00 80 81 80 81 80 81 80 81  ................
3210:  80 81 80 81 80 81 00 00 00 00 00 00 00 00 00 00  ................
3220:  00 00 00 80 86 84 86 84 85 84 85 84 85 84 85 84  ................
3230:  85 83 00 00 00 00 00 00 00 00 00 00 00 00 80 86  ................
3240:  84 85 84 86 84 86 88 89 84 85 84 85 83 00 00 00  ................
3250:  00 00 00 00 00 00 00 00 00 80 85 84 85 84 85 84  ................
3260:  86 84 8A 8B 85 84 85 83 00 00 00 00 00 00 00 00  ................
3270:  00 00 00 00 80 85 88 89 84 85 84 86 84 85 84 86  ................
3280:  84 85 83 00 00 00 00 00 00 00 00 00 00 00 00 80  ................
3290:  85 84 8A 8B 85 84 85 84 85 84 85 88 89 83 00 00  ................
32A0:  00 00 00 00 00 00 00 00 00 00 80 85 84 85 84 85  ................
32B0:  84 85 88 89 84 85 84 8A 8F 00 00 00 00 00 00 00  ................
32C0:  00 00 00 00 00 80 85 84 85 84 85 84 85 84 8A 8B  ................
32D0:  85 84 85 84 81 80 81 00 00 00 00 00 00 00 00 00  ................
32E0:  80 85 84 85 84 85 84 85 84 85 84 86 84 85 84 86  ................
32F0:  88 89 84 81 80 81 00 00 00 00 00 8C 89 84 85 84  ................
3300:  85 84 85 84 85 84 85 84 85 84 85 84 8A 8B 85 84  ................
3310:  85 84 81 00 00 00 80 8A 8B 85 84 85 84 85 88 89  ................
3320:  84 85 84 85 84 85 84 85 84 85 84 85 84 85 84 81  ................
3330:  00 80 85 87 85 87 85 84 85 84 8A 8B 85 84 85 88  ................
3340:  89 84 85 84 85 87 85 84 85 84 85 88 8D 82 87 85  ................
3350:  84 85 84 85 84 85 84 86 84 85 83 8E 8F 82 87 86  ................
3360:  84 85 84 85 84 85 84 8A 8F 8C 89 84 85 84 85 84  ................
3370:  85 84 86 84 85 83 00 00 00 00 82 84 85 84 85 84  ................
3380:  85 84 86 84 81 8E 8B 85 84 85 88 89 84 85 84 85  ................
3390:  83 00 00 00 00 00 80 85 84 85 84 85 84 86 84 86  ................
33A0:  83 80 85 84 85 84 8A 8B 85 87 85 83 00 00 00 00  ................
33B0:  00 80 85 84 85 88 89 84 85 84 85 84 81 82 87 85  ................
33C0:  84 85 84 85 84 85 83 00 00 00 00 00 80 85 84 86  ................
33D0:  84 8A 8B 85 84 85 84 86 83 80 85 84 85 84 85 84  ................
33E0:  85 84 81 00 00 00 00 80 85 84 86 84 85 84 86 84  ................
33F0:  85 84 86 88 8D 82 88 89 84 85 84 85 84 85 83 00  ................
3400:  00 00 80 85 84 85 84 85 84 85 84 85 84 85 84 8A  ................
3410:  8F 80 8A 8B 85 84 85 84 85 84 81 00 00 80 85 88  ................
3420:  89 87 85 84 85 88 89 84 85 84 85 84 81 82 84 86  ................
3430:  84 85 88 89 84 85 84 81 80 85 84 8A 8B 85 87 85  ................
3440:  84 8A 8B 85 84 85 84 85 83 00 82 84 85 84 8A 8B  ................
3450:  86 84 86 84 85 84 85 84 85 84 85 87 85 84 85 84  ................
3460:  85 84 85 83 00 00 00 82 87 86 84 86 84 85 84 85  ................
3470:  88 89 84 85 88 89 88 89 84 85 84 85 88 89 83 00  ................
3480:  00 00 00 00 82 84 86 84 85 84 86 84 8A 8B 85 87  ................
3490:  8A 8B 8A 8B 85 84 85 84 8A 8F 00 00 00 00 00 00  ................
34A0:  00 82 84 86 84 86 84 86 87 85 87 85 87 85 87 85  ................
34B0:  84 85 84 85 83 00 00 00 00 00 00 00 00 00 82 83  ................
34C0:  82 88 89 84 85 84 85 84 85 84 85 84 85 84 85 83  ................
34D0:  00 00 00 00 00 00 00 00 00 00 00 00 80 8A 8B 85  ................
34E0:  84 85 88 89 84 85 84 85 88 89 83 00 00 00 00 00  ................
34F0:  00 00 00 00 00 00 00 80 85 84 85 84 85 84 8A 8B  ................
3500:  85 84 85 87 8A 8F 00 00 00 00 00 00 00 00 00 00  ................
3510:  00 00 80 85 84 86 88 89 84 85 84 85 87 85 84 85  ................
3520:  83 00 00 00 00 00 00 00 00 00 00 00 00 80 85 84  ................
3530:  85 84 8A 8B 85 87 85 84 85 84 85 83 00 00 00 00  ................
3540:  00 00 00 00 00 00 00 00 80 85 88 89 84 85 84 85  ................
3550:  84 85 88 89 84 85 83 00 00 00 00 00 00 00 00 00  ................
3560:  00 00 00 00 82 83 8E 8F 82 83 82 83 82 83 8E 8F  ................
3570:  82 83 00 00 00 00 00 00 00 00 00 00 00 00 00 00  ................
3580:  00 00 00 00 00 00 00 80 81 80 81 80 81 80 81 00  ................
3590:  00 00 00 00 00 00 00 00 00 00 00 00 00 00 00 00  ................
35A0:  80 81 80 85 84 86 84 85 87 85 84 81 80 81 00 00  ................
35B0:  00 00 00 00 00 00 00 00 00 80 81 80 85 84 85 87  ................
35C0:  85 84 86 87 85 84 86 84 86 84 81 80 81 00 00 00  ................
35D0:  00 00 80 81 80 85 84 85 87 85 87 85 87 86 88 89  ................
35E0:  87 86 84 86 84 86 84 86 84 81 80 81 00 80 85 84  ................
35F0:  85 87 85 87 85 87 85 83 82 83 8E 8F 82 83 82 84  ................
3600:  86 84 86 84 86 84 86 84 81 82 87 85 87 85 87 85  ................
3610:  83 82 83 00 00 00 80 81 00 00 00 82 83 82 84 86  ................
3620:  84 86 84 86 83 80 85 87 85 83 82 83 00 00 00 80  ................
3630:  81 80 86 87 81 80 81 00 00 00 82 83 82 84 86 84  ................
3640:  81 82 83 82 83 00 00 00 80 81 80 85 84 85 84 85  ................
3650:  84 85 84 81 80 81 00 00 00 82 83 82 83 00 00 00  ................
3660:  00 80 81 80 85 84 85 87 85 87 86 87 86 84 86 84  ................
3670:  85 84 81 80 81 00 00 00 00 00 80 81 80 85 84 85  ................
3680:  88 89 87 85 87 86 84 85 87 86 84 86 88 89 84 85  ................
3690:  84 81 80 81 00 80 85 84 85 87 85 87 8A 8B 85 83  ................
36A0:  82 83 82 83 82 83 82 84 8A 8B 86 84 86 84 85 84  ................
36B0:  81 82 87 85 87 85 87 85 83 82 83 00 00 00 8C 8D  ................
36C0:  00 00 00 82 83 82 84 86 84 86 84 86 83 80 85 87  ................
36D0:  85 83 82 83 00 00 00 80 81 80 8A 8B 81 80 81 00  ................
36E0:  00 00 82 83 82 87 86 84 81 82 83 82 83 00 00 00  ................
36F0:  80 81 80 85 87 85 84 85 84 86 84 81 80 81 00 00  ................
3700:  00 82 83 82 83 00 00 00 00 80 81 80 85 87 85 87  ................
3710:  85 84 86 87 85 84 86 84 86 84 81 80 81 00 00 00  ................
3720:  00 00 80 81 80 85 87 85 87 85 87 85 87 86 83 82  ................
3730:  87 86 84 86 84 86 84 86 84 81 80 81 00 80 85 87  ................
3740:  85 87 85 87 85 87 86 83 82 84 81 80 85 83 82 87  ................
3750:  86 84 86 84 86 84 86 84 81 82 87 85 87 85 87 86  ................
3760:  83 82 83 00 00 82 84 85 83 00 00 82 83 82 87 86  ................
3770:  84 86 84 86 83 80 85 87 86 83 82 83 00 00 00 80  ................
3780:  81 80 86 87 81 80 81 00 00 00 82 83 82 87 86 84  ................
3790:  81 82 83 82 83 00 00 00 80 81 80 85 87 85 84 85  ................
37A0:  84 86 84 81 80 81 00 00 00 82 83 82 83 00 00 00  ................
37B0:  00 80 81 80 85 87 85 87 85 87 86 87 86 84 86 84  ................
37C0:  86 84 81 80 81 00 00 00 00 00 80 81 80 85 87 85  ................
37D0:  84 85 87 85 87 86 84 85 87 86 84 86 84 85 84 86  ................
37E0:  84 81 80 81 00 80 85 87 85 87 85 87 86 87 86 83  ................
37F0:  82 83 82 83 82 83 82 87 86 87 86 84 86 84 86 84  ................
3800:  81 82 87 85 87 85 87 85 83 82 83 00 00 00 80 81  ................
3810:  00 00 00 82 83 82 87 86 84 86 84 86 83 80 85 87  ................
3820:  86 83 82 83 00 00 00 80 81 80 86 87 81 80 81 00  ................
3830:  00 00 82 83 82 87 86 84 81 82 83 82 83 00 00 00  ................
3840:  80 81 80 85 87 85 84 85 84 86 84 81 80 81 00 00  ................
3850:  00 82 83 82 83 00 00 00 00 80 81 80 85 87 85 87  ................
3860:  85 87 86 87 86 84 86 84 86 84 81 80 81 00 00 00  ................
3870:  00 00 80 81 80 85 87 85 87 85 87 85 87 86 84 85  ................
3880:  87 86 84 86 84 86 84 86 84 81 80 81 00 80 85 87  ................
3890:  85 87 85 87 85 87 86 83 82 83 82 83 82 83 82 87  ................
38A0:  86 84 86 84 86 84 86 84 81 82 87 85 87 85 87 86  ................
38B0:  83 82 83 00 00 00 80 81 00 00 00 82 83 82 87 86  ................
38C0:  84 86 84 86 83 80 85 87 86 83 82 83 00 00 00 00  ................
38D0:  00 80 86 87 81 00 00 00 00 00 82 83 82 87 86 84  ................
38E0:  81 82 83 82 83 00 00 00 00 00 00 00 00 82 83 82  ................
38F0:  83 00 00 00 00 00 00 00 00 82 83 82 83 00 00 00  ................
3900:  00 80 81 80 81 80 81 80 81 80 81 80 81 80 81 80  ................
3910:  81 80 81 80 81 00 00 00 00 00 00 00 80 86 83 82  ................
3920:  83 82 83 82 83 82 83 82 83 82 83 82 83 82 83 82  ................
3930:  87 81 00 00 00 00 00 8C 89 84 81 80 81 80 81 80  ................
3940:  81 8C 8D 8C 8D 80 81 80 81 80 81 80 85 88 8D 00  ................
3950:  00 00 80 8A 8F 82 83 82 83 82 83 82 83 8E 8F 8E  ................
3960:  8F 82 83 82 83 82 83 82 83 8E 8B 81 00 80 85 84  ................
3970:  81 80 81 8C 8D 80 81 80 81 80 81 80 81 80 81 80  ................
3980:  81 8C 8D 80 81 80 85 84 81 82 83 82 83 82 83 8E  ................
3990:  8F 82 83 82 83 82 83 82 83 82 83 82 83 8E 8F 82  ................
39A0:  83 82 83 82 83 80 81 80 81 80 81 80 81 80 81 80  ................
39B0:  81 80 81 80 81 80 81 80 81 80 81 80 81 80 81 80  ................
39C0:  81 82 83 82 83 82 83 82 83 82 83 82 83 82 83 82  ................
39D0:  83 82 83 82 83 82 83 82 83 82 83 82 83 80 81 80  ................
39E0:  81 80 81 8C 8D 80 81 80 81 80 81 80 81 80 81 80  ................
39F0:  81 8C 8D 80 81 80 81 80 81 82 87 86 83 82 83 8E  ................
3A00:  8F 82 83 82 83 82 83 82 83 82 83 82 83 8E 8F 82  ................
3A10:  83 82 87 86 83 00 82 88 8D 80 81 80 81 80 81 80  ................
3A20:  81 8C 8D 8C 8D 80 81 80 81 80 81 80 81 8C 89 83  ................
3A30:  00 00 00 8E 8B 86 83 82 83 82 83 82 83 8E 8F 8E  ................
3A40:  8F 82 83 82 83 82 83 82 87 8A 8F 00 00 00 00 00  ................
3A50:  82 88 8D 80 81 80 81 8C 8D 80 81 80 81 8C 8D 80  ................
3A60:  81 80 81 8C 89 83 00 00 00 00 00 00 00 8E 8F 82  ................
3A70:  83 82 83 8E 8F 82 83 82 83 8E 8F 82 83 82 83 8E  ................
3A80:  8F 00 00 00 00 8C 8D 00 00 00 00 00 00 80 81 00  ................
3A90:  00 00 00 00 00 00 00 80 81 00 00 00 00 00 00 8C  ................
3AA0:  8D 8E 8F 00 00 00 00 00 00 82 83 00 00 00 00 00  ................
3AB0:  00 00 00 82 83 00 00 00 00 00 00 8E 8F 00 00 00  ................
3AC0:  00 80 81 80 81 80 81 80 81 8C 8D 8C 8D 80 81 80  ................
3AD0:  81 80 81 80 81 00 00 00 00 00 00 00 80 86 83 82  ................
3AE0:  83 82 83 82 83 8E 8F 8E 8F 82 83 82 83 82 83 82  ................
3AF0:  87 81 00 00 00 00 00 80 85 88 8D 80 81 80 81 80  ................
3B00:  81 80 81 80 81 80 81 80 81 80 81 8C 89 84 81 00  ................
3B10:  00 00 80 86 83 8E 8F 82 83 82 83 82 83 82 83 82  ................
3B20:  83 82 83 82 83 82 83 8E 8F 82 87 81 00 8C 89 84  ................
3B30:  81 80 81 80 81 8C 8D 80 81 80 81 80 81 80 81 8C  ................
3B40:  8D 80 81 80 81 80 85 88 8D 8E 8F 82 83 82 83 82  ................
3B50:  83 8E 8F 82 83 82 83 82 83 82 83 8E 8F 82 83 82  ................
3B60:  83 82 83 8E 8F 80 81 80 81 80 81 80 81 80 81 80  ................
3B70:  81 80 81 80 81 80 81 80 81 80 81 80 81 80 81 80  ................
3B80:  81 82 83 82 83 82 83 82 83 82 83 82 83 82 83 82  ................
3B90:  83 82 83 82 83 82 83 82 83 82 83 82 83 80 81 80  ................
3BA0:  81 80 81 80 81 80 81 80 81 8C 8D 8C 8D 80 81 80  ................
3BB0:  81 80 81 80 81 80 81 80 81 82 87 86 83 82 83 82  ................
3BC0:  83 82 87 82 83 8E 8F 8E 8F 82 83 82 87 82 83 82  ................
3BD0:  83 82 87 86 83 00 82 84 81 8C 8D 80 81 80 81 80  ................
3BE0:  81 80 81 80 81 80 81 80 81 80 81 8C 8D 80 85 83  ................
3BF0:  00 00 00 82 87 8A 8F 82 83 82 83 82 83 82 83 82  ................
3C00:  83 82 83 82 83 82 83 8E 8B 86 83 00 00 00 00 00  ................
3C10:  82 84 81 80 81 8C 8D 80 81 80 81 80 81 80 81 8C  ................
3C20:  8D 80 81 80 85 83 00 00 00 00 00 00 00 82 83 82  ................
3C30:  83 8E 8F 82 83 82 83 82 83 82 83 8E 8F 82 83 82  ................
3C40:  83 00 00 00 00 00 00 00 00 00 00 00 00 80 81 00  ................
3C50:  00 00 00 00 00 00 00 80 81 00 00 00 00 00 00 00  ................
3C60:  00 00 00 00 00 00 00 00 00 82 83 00 00 00 00 00  ................
3C70:  00 00 00 82 83 00 00 00 00 00 00 00 00 00 80 81  ................
3C80:  80 81 00 00 00 00 00 00 80 81 80 81 80 81 00 00  ................
3C90:  00 00 00 00 80 81 80 81 00 80 86 84 85 83 00 00  ................
3CA0:  00 00 00 80 86 84 85 84 85 87 81 00 00 00 00 00  ................
3CB0:  82 84 85 87 81 82 84 85 87 81 00 00 00 00 80 85  ................
3CC0:  84 85 88 89 84 85 84 81 00 00 00 00 80 85 84 85  ................
3CD0:  83 8C 89 84 85 84 81 00 00 80 85 84 85 87 8A 8B  ................
3CE0:  86 84 85 84 81 00 00 80 85 84 85 88 8D 8E 8B 85  ................
3CF0:  84 85 84 81 80 85 84 85 87 85 83 82 84 86 84 85  ................
3D00:  84 81 80 85 84 85 84 8A 8F 00 82 84 85 84 85 84  ................
3D10:  85 84 85 88 89 83 00 00 82 88 89 84 85 84 85 84  ................
3D20:  85 84 85 83 00 00 00 82 83 82 83 82 83 82 83 8E  ................
3D30:  8F 00 00 00 00 8E 8F 82 83 82 83 82 83 82 83 00  ................
3D40:  00 00 00 80 81 80 81 8C 8D 80 81 80 81 00 00 00  ................
3D50:  00 80 81 80 81 8C 8D 80 81 80 81 00 00 00 80 85  ................
3D60:  88 89 83 8E 8F 82 84 85 84 81 80 81 80 85 84 85  ................
3D70:  83 8E 8F 82 88 89 84 81 00 80 85 87 8A 8F 00 00  ................
3D80:  00 00 82 84 85 84 85 84 85 84 85 84 81 00 00 00  ................
3D90:  8E 8B 85 84 81 82 87 85 87 81 00 00 00 00 80 85  ................
3DA0:  84 85 84 85 84 85 84 85 83 00 00 00 80 85 84 86  ................
3DB0:  83 8C 89 84 85 84 81 00 00 80 86 84 85 84 85 84  ................
3DC0:  85 84 85 83 00 00 00 80 85 84 85 88 8D 8E 8B 85  ................
3DD0:  84 85 84 81 80 85 84 85 84 85 88 89 84 85 84 81  ................
3DE0:  80 81 80 85 84 85 84 8A 8F 80 85 84 85 84 85 84  ................
3DF0:  85 84 85 84 85 84 8A 8B 85 84 85 84 85 84 85 84  ................
3E00:  85 84 85 84 81 82 84 85 84 85 84 85 84 85 84 85  ................
3E10:  84 85 83 82 84 85 84 85 84 85 84 85 84 85 84 85  ................
3E20:  83 00 82 88 89 84 85 88 89 84 85 84 85 83 00 00  ................
3E30:  82 84 85 84 85 88 89 84 85 88 89 83 00 00 00 8E  ................
3E40:  8F 82 83 8E 8F 82 83 82 83 00 00 00 00 82 83 82  ................
3E50:  83 8E 8F 82 83 8E 8F 00 00 00 00 80 81 80 81 80  ................
3E60:  81 80 81 80 81 00 00 00 00 80 81 80 81 80 81 80  ................
3E70:  81 80 81 00 00 00 80 85 84 85 84 85 88 89 84 85  ................
3E80:  87 81 80 81 80 86 84 85 88 89 84 85 84 85 84 81  ................
3E90:  00 80 85 84 85 84 85 83 8E 8F 82 84 85 84 85 84  ................
3EA0:  85 84 85 83 8E 8F 82 84 85 84 85 84 81 82 84 85  ................
3EB0:  84 85 83 00 00 00 00 82 83 82 83 82 83 82 83 00  ................
3EC0:  00 00 00 82 84 85 84 86 83 8C 89 84 85 84 81 00  ................
3ED0:  00 00 00 80 81 80 81 80 81 80 81 00 00 00 00 80  ................
3EE0:  85 84 85 88 8D 8E 8B 85 84 85 88 8D 00 00 80 85  ................
3EF0:  84 85 88 89 84 85 84 81 00 00 8C 89 84 85 84 8A  ................
3F00:  8F 80 86 84 85 84 8A 8B 81 80 85 84 85 84 8A 8B  ................
3F10:  85 84 85 84 81 80 8A 8B 85 84 85 84 81 82 84 86  ................
3F20:  84 85 84 85 84 85 84 85 84 85 83 82 84 85 84 85  ................
3F30:  84 85 84 85 84 85 84 85 83 00 82 87 86 84 85 84  ................
3F40:  85 84 85 84 85 83 00 00 82 84 85 84 85 84 85 84  ................
3F50:  85 84 85 83 00 00 00 82 83 82 83 82 83 82 83 82  ................
3F60:  83 00 00 00 00 82 83 82 83 82 83 82 83 82 83 00  ................
3F70:  00 00 00 00 00 80 81 80 81 80 81 80 81 00 00 00  ................
3F80:  00 80 81 80 81 80 81 80 81 00 00 00 00 00 00 00  ................
3F90:  80 85 88 89 84 85 84 85 84 81 00 00 80 85 84 85  ................
3FA0:  84 85 88 89 84 81 00 00 00 00 00 80 85 84 8A 8B  ................
3FB0:  85 84 85 84 85 84 81 80 85 84 85 84 85 84 8A 8B  ................
3FC0:  85 84 81 00 00 00 8C 89 84 85 84 85 83 82 83 82  ................
3FD0:  84 85 88 89 84 85 83 82 83 82 84 85 84 85 88 8D  ................
3FE0:  00 00 8E 8F 82 83 82 83 00 00 00 00 82 83 8E 8F  ................
3FF0:  82 83 00 00 00 00 82 83 82 83 8E 8F 00 00 00 00  ................
4000:  00 00 80 81 00 00 00 00 00 00 80 81 00 00 00 00  ................
4010:  00 00 80 81 00 00 00 00 00 00 00 00 00 00 82 83  ................
4020:  00 00 00 00 00 80 86 87 81 00 00 00 00 00 82 83  ................
4030:  00 00 00 00 00 00 00 00 00 00 80 81 00 00 00 00  ................
4040:  80 86 84 85 87 81 00 00 00 00 80 81 00 00 00 00  ................
4050:  00 00 00 00 00 80 86 87 81 00 00 00 82 84 86 87  ................
4060:  85 83 00 00 00 80 86 87 81 00 00 00 00 00 00 00  ................
4070:  80 86 84 85 87 81 00 00 80 86 88 89 87 81 00 00  ................
4080:  80 86 84 85 87 81 00 00 00 00 00 80 86 84 86 87  ................
4090:  85 84 81 80 85 84 8A 8B 85 84 81 80 85 84 86 87  ................
40A0:  85 87 81 00 00 00 00 82 84 86 88 89 87 85 84 85  ................
40B0:  84 86 84 85 87 85 84 85 84 86 88 89 87 85 83 00  ................
40C0:  00 00 00 80 86 84 8A 8B 85 87 85 84 85 84 86 87  ................
40D0:  85 84 85 84 86 84 8A 8B 85 87 81 00 00 00 80 86  ................
40E0:  84 86 84 85 88 89 88 89 84 86 84 85 87 85 88 89  ................
40F0:  88 89 84 85 87 85 87 81 00 00 82 84 86 84 86 87  ................
4100:  8A 8B 8A 8B 85 84 86 87 85 84 8A 8B 8A 8B 86 87  ................
4110:  85 87 85 83 00 00 80 86 84 86 84 85 87 85 87 85  ................
4120:  84 86 88 89 87 85 84 86 84 86 84 85 87 85 87 81  ................
4130:  00 8C 89 84 86 84 86 87 85 87 85 87 85 87 8A 8B  ................
4140:  86 84 86 84 86 84 86 87 85 87 85 88 8D 8E 8B 86  ................
4150:  84 86 84 85 87 85 87 85 87 86 87 86 87 86 84 86  ................
4160:  84 86 84 85 87 85 87 8A 8F 80 86 84 86 84 86 87  ................
4170:  85 87 85 87 85 87 86 87 86 84 86 84 86 84 86 87  ................
4180:  85 87 85 87 81 82 84 86 84 86 84 85 87 85 87 85  ................
4190:  83 82 83 82 83 82 84 86 84 86 84 85 87 85 87 85  ................
41A0:  83 80 86 87 86 83 82 83 82 83 82 83 00 00 00 00  ................
41B0:  00 00 82 83 82 83 82 83 82 87 86 87 81 82 84 85  ................
41C0:  83 00 80 81 00 00 00 00 00 00 80 81 00 00 00 00  ................
41D0:  00 00 80 81 00 82 84 85 83 00 82 83 00 00 82 83  ................
41E0:  00 00 00 00 00 80 86 87 81 00 00 00 00 00 82 83  ................
41F0:  00 00 82 83 00 00 00 00 00 00 8C 8D 00 00 00 00  ................
4200:  80 86 84 85 87 81 00 00 00 00 8C 8D 00 00 00 00  ................
4210:  00 00 00 00 00 80 8A 8B 81 00 00 00 82 84 86 87  ................
4220:  85 83 00 00 00 80 8A 8B 81 00 00 00 00 00 00 00  ................
4230:  80 86 84 85 87 81 00 00 80 86 88 89 87 81 00 00  ................
4240:  80 86 84 85 87 81 00 00 00 00 00 80 86 84 86 87  ................
4250:  85 84 81 80 85 84 8A 8B 85 84 81 80 85 84 86 87  ................
4260:  85 87 81 00 00 00 00 82 84 86 84 85 88 89 84 85  ................
4270:  84 86 84 85 87 85 84 85 88 89 84 85 87 85 83 00  ................
4280:  00 00 00 80 86 84 86 87 8A 8B 86 87 85 84 86 87  ................
4290:  85 84 86 87 8A 8B 86 87 85 87 81 00 00 00 80 86  ................
42A0:  84 86 84 85 87 85 87 85 84 86 84 85 87 85 84 86  ................
42B0:  84 86 84 85 87 85 87 81 00 00 82 84 86 84 86 87  ................
42C0:  85 87 85 87 85 84 86 87 85 84 86 84 86 84 86 87  ................
42D0:  85 87 85 83 00 00 80 86 84 86 84 85 87 85 87 85  ................
42E0:  84 86 84 85 87 85 84 86 84 86 84 85 87 85 87 81  ................
42F0:  00 8C 89 84 86 84 86 87 85 87 85 87 85 87 86 87  ................
4300:  86 84 86 84 86 84 86 87 85 87 85 88 8D 8E 8B 86  ................
4310:  84 86 84 85 87 85 87 85 87 86 87 86 87 86 84 86  ................
4320:  84 86 84 85 87 85 87 8A 8F 00 82 84 86 84 86 87  ................
4330:  85 87 85 83 82 87 86 87 86 83 82 84 86 84 86 87  ................
4340:  85 87 85 83 00 00 00 82 84 86 88 89 87 85 83 00  ................
4350:  00 82 83 82 83 00 00 82 84 86 88 89 87 85 83 00  ................
4360:  00 00 00 00 82 83 8E 8F 82 83 00 00 00 00 00 00  ................
4370:  00 00 00 00 82 83 8E 8F 82 83 00 00 00 00 00 00  ................
4380:  00 00 00 00 00 00 00 80 81 00 00 00 00 80 81 00  ................
4390:  00 00 00 00 00 00 00 00 00 00 00 00 00 00 00 00  ................
43A0:  00 00 00 82 83 00 00 00 00 82 83 00 00 00 00 00  ................
43B0:  00 00 00 00 00 00 00 80 81 80 81 80 81 80 81 80  ................
43C0:  81 00 00 00 00 80 81 80 81 80 81 80 81 80 81 00  ................
43D0:  00 00 80 85 84 85 84 85 84 85 84 85 84 81 00 00  ................
43E0:  80 85 84 85 84 85 84 85 84 85 84 81 00 00 82 88  ................
43F0:  89 84 85 84 85 88 89 87 85 83 00 00 82 84 86 88  ................
4400:  89 84 85 84 85 88 89 83 00 00 80 8A 8B 85 84 85  ................
4410:  84 8A 8B 85 87 81 00 00 80 86 84 8A 8B 85 84 85  ................
4420:  84 8A 8B 81 00 80 86 84 86 84 85 84 85 87 85 87  ................
4430:  85 83 00 00 82 84 86 84 86 84 85 84 85 87 85 87  ................
4440:  81 82 84 86 84 86 88 89 87 85 87 85 87 81 00 00  ................
4450:  80 86 84 86 84 86 88 89 87 85 87 85 83 80 85 84  ................
4460:  86 84 8A 8B 85 87 85 87 85 83 00 00 82 84 86 84  ................
4470:  86 84 8A 8B 85 87 85 84 81 82 87 86 84 86 87 86  ................
4480:  87 85 87 85 87 81 00 00 80 86 84 86 84 86 87 86  ................
4490:  87 85 87 86 83 00 82 84 86 87 86 87 86 87 85 87  ................
44A0:  85 83 00 00 82 84 86 84 86 87 86 87 86 87 85 83  ................
44B0:  00 00 80 86 87 86 87 86 87 86 87 85 83 00 00 00  ................
44C0:  00 82 84 86 87 86 87 86 87 86 87 81 00 00 82 87  ................
44D0:  86 87 86 87 86 87 86 87 81 00 00 00 00 80 86 87  ................
44E0:  86 87 86 87 86 87 86 83 00 00 00 82 83 82 84 85  ................
44F0:  83 82 83 82 87 81 00 00 80 86 83 82 83 82 88 89  ................
4500:  83 82 83 00 00 00 00 00 00 00 82 83 00 00 00 00  ................
4510:  82 88 8D 8C 89 83 00 00 00 00 8E 8F 00 00 00 00  ................
4520:  00 00 00 00 00 00 00 00 00 00 00 00 80 8A 8F 8E  ................
4530:  8B 81 00 00 00 00 00 00 00 00 00 00 00 00 00 00  ................
4540:  00 00 00 00 00 00 00 80 85 83 00 00 82 84 81 00  ................
4550:  00 00 00 00 00 00 00 00 00 00 00 00 00 00 00 00  ................
4560:  00 00 00 82 83 00 00 00 00 82 83 00 00 00 00 00  ................
4570:  00 00 00 00 00 00 00 80 81 80 81 80 81 80 81 80  ................
4580:  81 00 00 00 00 80 81 80 81 80 81 80 81 80 81 00  ................
4590:  00 00 80 85 84 85 84 85 84 85 84 85 84 81 00 00  ................
45A0:  80 85 84 85 84 85 84 85 84 85 84 81 00 00 82 84  ................
45B0:  85 84 85 84 85 88 89 87 85 83 00 00 82 84 86 88  ................
45C0:  89 84 85 84 85 84 85 83 00 00 80 86 87 85 84 85  ................
45D0:  84 8A 8B 85 87 81 00 00 80 86 84 8A 8B 85 84 85  ................
45E0:  84 86 87 81 00 80 86 84 86 84 85 84 85 87 85 87  ................
45F0:  85 83 00 00 82 84 86 84 86 84 85 84 85 87 85 87  ................
4600:  81 82 84 86 84 86 88 89 87 85 87 85 87 81 00 00  ................
4610:  80 86 84 86 84 86 88 89 87 85 87 85 83 80 85 84  ................
4620:  86 84 8A 8B 85 87 85 87 85 83 00 00 82 84 86 84  ................
4630:  86 84 8A 8B 85 87 85 84 81 82 87 86 84 86 87 86  ................
4640:  87 85 87 85 87 81 00 00 80 86 84 86 84 86 87 86  ................
4650:  87 85 87 86 83 00 82 84 86 87 86 87 86 87 85 87  ................
4660:  85 87 81 80 86 84 86 84 86 87 86 87 86 87 85 83  ................
4670:  00 00 80 86 87 86 87 86 87 86 87 85 83 82 84 85  ................
4680:  83 82 84 86 87 86 87 86 87 86 87 81 00 00 82 87  ................
4690:  86 87 86 87 86 87 86 83 00 80 85 84 81 00 82 87  ................
46A0:  86 87 86 87 86 87 86 83 00 00 00 82 83 82 84 85  ................
46B0:  83 82 83 00 80 85 83 82 84 81 00 82 83 82 84 85  ................
46C0:  83 82 83 00 00 00 00 00 00 00 82 83 00 00 00 80  ................
46D0:  85 83 00 00 82 84 81 00 00 00 82 83 00 00 00 00  ................
46E0:  00 00 00 00 00 00 00 00 00 00 00 82 83 00 00 00  ................
46F0:  00 82 83 00 00 00 00 00 00 00 00 00 00 80 81 80  ................
4700:  81 80 81 80 81 80 81 80 81 80 81 80 81 80 81 80  ................
4710:  81 80 81 80 81 80 81 80 81 82 84 85 84 85 84 85  ................
4720:  84 85 84 85 84 85 84 85 84 85 84 85 84 85 84 85  ................
4730:  84 85 84 85 83 8C 89 84 85 84 85 84 85 84 85 84  ................
4740:  85 84 85 84 85 84 85 84 85 84 85 84 85 84 85 88  ................
4750:  8D 8E 8B 85 84 85 84 85 88 89 84 85 84 85 84 85  ................
4760:  84 85 84 85 88 89 84 85 84 85 84 8A 8F 80 86 84  ................
4770:  85 84 85 84 8A 8B 85 84 85 84 85 84 85 84 85 84  ................
4780:  8A 8B 85 84 85 84 85 87 81 82 87 86 84 85 84 85  ................
4790:  84 85 84 85 84 85 84 85 88 89 84 85 84 85 84 85  ................
47A0:  84 85 87 86 83 80 85 83 82 84 85 84 85 84 85 84  ................
47B0:  85 88 89 84 8A 8B 85 84 85 84 85 84 85 83 82 84  ................
47C0:  81 82 87 81 00 82 88 89 84 85 84 85 84 8A 8B 85  ................
47D0:  84 85 84 85 84 85 88 89 83 00 80 86 83 8C 89 83  ................
47E0:  00 00 8E 8F 82 84 85 84 85 84 85 84 85 84 85 84  ................
47F0:  85 83 8E 8F 00 00 82 88 8D 8E 8B 81 00 00 00 00  ................
4800:  00 82 84 85 84 85 84 85 84 85 84 85 83 00 00 00  ................
4810:  00 00 80 8A 8F 80 85 83 00 00 00 00 00 00 82 83  ................
4820:  82 84 85 84 85 83 82 83 00 00 00 00 00 00 82 84  ................
4830:  81 82 87 81 00 00 8C 8D 00 00 00 00 00 82 88 89  ................
4840:  83 00 00 00 00 00 8C 8D 00 00 80 86 83 80 85 83  ................
4850:  00 00 8E 8F 00 00 00 00 00 80 8A 8B 81 00 00 00  ................
4860:  00 00 8E 8F 00 00 82 84 81 82 87 81 00 00 00 00  ................
4870:  00 00 00 00 80 85 84 85 84 81 00 00 00 00 00 00  ................
4880:  00 00 80 86 83 8C 89 83 00 00 00 00 00 80 81 80  ................
4890:  85 84 85 84 85 84 81 80 81 00 00 00 00 00 82 88  ................
48A0:  8D 8E 8B 81 00 00 00 00 80 85 84 85 84 85 88 89  ................
48B0:  84 85 84 85 84 81 00 00 00 00 80 8A 8F 80 85 83  ................
48C0:  00 00 00 00 82 88 89 84 85 84 8A 8B 85 84 85 88  ................
48D0:  89 83 00 00 00 00 82 84 81 82 87 81 00 00 00 00  ................
48E0:  00 8E 8F 82 87 86 84 85 87 86 83 8E 8F 00 00 00  ................
48F0:  00 00 80 86 83 80 85 83 00 00 8C 8D 00 00 00 00  ................
4900:  82 87 86 87 86 83 00 00 00 00 8C 8D 00 00 82 84  ................
4910:  81 82 87 81 00 00 8E 8F 00 00 00 00 00 82 88 89  ................
4920:  83 00 00 00 00 00 8E 8F 00 00 80 86 83 8C 89 83  ................
4930:  00 00 00 00 00 00 00 00 00 80 8A 8B 81 00 00 00  ................
4940:  00 00 00 00 00 00 82 88 8D 8E 8B 81 00 00 00 00  ................
4950:  00 00 80 81 80 85 84 85 84 81 80 81 00 00 00 00  ................
4960:  00 00 80 8A 8F 80 85 83 00 00 00 00 00 80 85 84  ................
4970:  85 84 85 84 85 84 85 84 81 00 00 00 00 00 82 84  ................
4980:  81 82 87 81 00 00 8C 8D 80 85 84 85 84 85 88 89  ................
4990:  84 85 84 85 84 81 8C 8D 00 00 80 86 83 80 85 83  ................
49A0:  00 80 8A 8B 85 84 85 84 85 84 8A 8B 85 84 85 84  ................
49B0:  85 84 8A 8B 81 00 82 84 81 82 87 81 80 85 84 85  ................
49C0:  84 85 84 85 84 85 84 85 84 85 84 85 84 85 84 85  ................
49D0:  84 81 80 86 83 8C 89 84 85 84 85 88 89 84 85 84  ................
49E0:  85 84 85 84 85 84 85 88 89 84 85 84 85 84 85 88  ................
49F0:  8D 8E 8B 85 84 85 84 8A 8B 85 84 85 84 85 84 85  ................
4A00:  84 85 84 8A 8B 85 84 85 84 85 84 8A 8F 80 85 84  ................
4A10:  85 84 85 84 85 84 85 84 85 84 85 84 85 84 85 84  ................
4A20:  85 84 85 84 85 84 85 84 81 82 84 85 84 85 84 85  ................
4A30:  84 85 84 85 84 85 84 85 84 85 84 85 84 85 84 85  ................
4A40:  84 85 84 85 83 80 85 84 85 88 89 88 89 84 85 84  ................
4A50:  85 88 89 88 89 84 85 84 85 88 89 88 89 84 85 84  ................
4A60:  81 82 83 82 83 8E 8F 8E 8F 82 83 82 83 8E 8F 8E  ................
4A70:  8F 82 83 82 83 8E 8F 8E 8F 82 83 82 83 C0 04 D9  ................
4A80:  DF 4A 85 01 D9 E0 4A 85 02 D9 E5 4A 85 03 D9 E6  .J....J....J....
4A90:  4A 85 04 D9 EB 4A 85 05 D9 EC 4A 85 06 40 A5 4A  J....J....J..@.J
4AA0:  88 88 10 DB 60 C2 00 C1 01 F0 12 81 03 40 F1 4A  ....`........@.J
4AB0:  40 F8 4A 40 FF 4A C5 05 05 06 B0 EB 60 40 F1 4A  @.J@.J......`@.J
4AC0:  40 FF 4A 40 FF 4A C9 00 81 03 C1 01 85 07 C9 00  @.J@.J..........
4AD0:  81 03 40 F8 4A A6 07 B0 F7 40 F1 4A 2C B6 4A 08  ..@.J....@.J,.J.
4AE0:  4B 5B 5B 19 6A 00 60 00 80 00 A0 53 10 BE 0E 9B  K[[.j.`....S....
4AF0:  0F E6 01 B0 02 E6 02 60 E6 03 B0 02 E6 04 60 C5  .......`......`.
4B00:  05 B0 02 A6 06 A6 05 60 00 10 FF FF FF FF FF FF  .......`........
4B10:  FF FF 00 02 3C 3C 3C 3C 00 0A 18 1C 1C 04 00 02  ....<<<<........
4B20:  1C 1C 00 05 06 6C 7C 3C 3C 3C 18 00 01 58 7C 7C  .....l|<<<...X||
4B30:  1C 1C 00 04 04 1C 1C 18 00 06 1C 7C 7C 7C 58 00  ...........|||X.
4B40:  01 18 3C 3C 7C 6E 06 00 0C 0C 1E 1C 0C 00 03 1C  ..<<|n..........
4B50:  00 05 F0 FE BE 1C 0C 04 00 01 80 F8 FE 1C 1C 1C  ................
4B60:  18 00 04 1C 3C 3C 18 00 05 0C 1C FC FE C0 00 01  ....<<..........
4B70:  0E BE FE EE 1E 7C 70 40 00 02 E0 50 EA 57 AF 57  .....|p@...P.W.W
4B80:  AE FC AE D7 BF 57 AA D0 E0 00 01 03 0D 1A 35 4A  .....W........5J
4B90:  A7 A4 E4 E4 F6 77 3D 1E 0F 03 00 06 08 0C 3E 7F  .....w=.......>.
4BA0:  FE 4C 88 00 05 70 78 20 BC 20 AC 72 A5 69 5A AC  .L...px . .r.iZ.
4BB0:  37 0A 00 05 C0 F0 F0 F8 F8 F8 F8 F0 F0 C0 00 06  7...............
4BC0:  03 0F 0F 1F 1F 1F 1F 0F 0F 03 00 08 80 E0 F0 F8  ................
4BD0:  FC 9C 04 E0 E0 FC FC 00 05 07 6F 7F 3F 3F 3D 18  ..........o.??=.
4BE0:  01 59 7F 7F FC FC E0 E0 00 01 40 C4 FC FC F8 F0  .Y........@.....
4BF0:  C0 00 04 1F 7F 7F 7D 58 00 01 19 3F 3F 7F 6F 07  ......}X...??.o.
4C00:  00 0A C0 F0 FC FE FC FC 3C 0C FC FC 00 05 F0 FF  ........<.......
4C10:  BF 1F 0F 07 00 01 80 F8 FF 1F FC FC FC FC 70 FC  ..............p.
4C20:  FC FC FC FC F8 00 05 0F 1F FF FF C0 00 01 0F BF  ................
4C30:  FF EF 1F 7C 70 40 00 06 80 40 00 01 08 44 38 00  ...|p@...@...D8.
4C40:  01 40 80 00 06 02 04 04 22 20 2E 32 04 04 03 00  .@......" .2....
4C50:  03 2E 32 04 04 83 40 00 01 08 44 38 00 01 42 84  ..2...@...D8..B.
4C60:  04 22 20 44 38 00 01 42 84 04 22 20 2E 32 04 04  ." D8..B.." .2..
4C70:  83 40 00 01 08 2E 32 04 04 83 40 00 01 08 44 38  .@....2...@...D8
4C80:  00 01 42 84 04 22 20 44 38 00 01 42 84 04 22 20  ..B.." D8..B.." 
4C90:  2E 32 04 04 83 40 00 01 08 00 04 80 40 00 01 08  .2...@......@...
4CA0:  44 38 00 01 40 80 00 06 02 04 04 22 20 2E 32 04  D8..@......" .2.
4CB0:  04 03 00 09 10 08 04 08 10 60 80 00 06 02 04 04  .........`......
4CC0:  22 20 2E 32 04 04 03 00 03 2E 32 04 04 03 00 01  " .2......2.....
4CD0:  10 08 04 08 10 62 84 04 22 20 04 08 10 62 84 04  .....b.." ...b..
4CE0:  22 20 2E 32 04 04 03 00 01 10 08 2E 32 04 04 03  " .2........2...
4CF0:  00 01 10 08 04 08 10 62 84 04 22 20 04 08 10 62  .......b.." ...b
4D00:  84 04 22 20 2E 32 04 04 03 00 01 10 08 00 06 10  .." .2..........
4D10:  08 04 08 10 60 80 00 06 02 04 04 22 20 2E 32 04  ....`......" .2.
4D20:  04 03 00 05 E0 F0 F8 F8 F0 E0 F0 F8 F0 E0 00 07  ................
4D30:  01 03 07 0F 0F 07 07 03 01 00 04 07 07 E3 F1 F8  ................
4D40:  F8 F0 E0 F0 F8 F0 E1 03 07 0F 0F F0 F8 F0 E1 03  ................
4D50:  07 0F 0F 07 07 E3 F1 F8 F8 F0 E0 07 07 E3 F1 F8  ................
4D60:  F8 F0 E0 F0 F8 F0 E1 03 07 0F 0F F0 F8 F0 E1 03  ................
4D70:  07 0F 0F 07 07 E3 F1 F8 F8 F0 E0 00 02 E0 F0 F8  ................
4D80:  F8 F0 E0 F0 F8 F0 E0 00 07 01 03 07 0F 0F 07 07  ................
4D90:  03 01 00 04 03 E3 27 3F 07 FF 07 FF 07 FF 07 FF  ......'?........
4DA0:  07 FF 07 FF 07 07 06 06 07 07 07 07 27 77 27 07  ............'w'.
4DB0:  07 07 07 07 03 E3 27 3F 07 FF 07 FF 07 FF 07 FF  ......'?........
4DC0:  07 FF 07 FF 07 07 06 06 07 07 07 07 07 FF 07 07  ................
4DD0:  07 07 07 07 03 E3 27 3F 07 FF 07 FF 07 FF 07 FF  ......'?........
4DE0:  07 FF 07 FF 07 07 06 06 07 07 0F 37 27 47 07 07  ...........7'G..
4DF0:  07 07 07 07 00 67 FF 55 00 07 C3 81 02 00 02 81  .....g.U........
4E00:  C3 FF E7 DF D3 DF DF DF E7 FF 00 02 30 00 01 04  ............0...
4E10:  C0 E0 F8 FF F8 E0 C8 00 02 30 00 03 10 00 01 1F  .........0......
4E20:  6F 5F DF DF 4F 67 19 06 00 01 40 00 00 00 00 00  o_..Og....@.....
4E30:  1B C0 00 01 10 88 C8 E0 00 10 E0 C8 08 10 00 01  ................
4E40:  80 00 15 06 00 01 10 03 27 00 10 07 23 10 00 01  ........'...#...
4E50:  02 00 20 80 80 00 02 0C 0C 00 08 60 60 01 01 00  .. ........``...
4E60:  0E 18 18 00 02 80 80 00 0E 01 31 30 00 08 30 30  ..........10..00
4E70:  00 12 06 06 00 02 18 18 00 0D 30 30 00 06 18 18  ..........00....
4E80:  00 02 06 06 00 0D 40 A0 40 00 01 04 0A 04 00 06  ......@.@.......
4E90:  20 50 20 00 05 20 00 02 04 00 04 04 0A 04 00 01   P .. ..........
4EA0:  40 A0 44 00 07 04 00 02 20 00 05 20 50 20 00 09  @.D..... .. P ..
4EB0:  20 50 20 00 03 04 00 02 80 00 09 04 0A 04 00 05   P .............
4EC0:  10 00 02 04 20 50 20 00 02 04 0A 04 00 05 08 14  .... P .........
4ED0:  08 00 04 01 00 26 30 F0 F0 F0 F0 F0 F0 F0 F0 F0  .....&0.........
4EE0:  F0 F0 F0 F0 F0 00 02 0F 0F 0F 0F 0F 0F 0F 0F 0F  ................
4EF0:  0F 0F 0F 0F 0F 00 12 07 00 01 04 04 07 00 01 07  ................
4F00:  04 07 00 01 07 04 07 00 02 10 10 30 00 01 30 10  ...........0..0.
4F10:  30 00 01 30 10 30 00 01 30 10 30 00 01 04 04 06  0..0.0..0.0.....
4F20:  00 01 06 04 06 00 01 06 04 06 00 01 06 04 06 00  ................
4F30:  01 30 10 10 00 01 30 10 30 00 01 30 10 30 00 01  .0....0.0..0.0..
4F40:  30 10 30 00 01 04 04 06 00 01 06 04 06 00 01 06  0.0.............
4F50:  04 06 00 01 06 04 06 00 02 02 63 00 01 63 41 63  ..........c..cAc
4F60:  00 01 63 41 63 00 01 63 41 63 00 03 44 08 00 01  ..cAc..cAc..D...
4F70:  08 44 00 02 04 66 00 01 66 42 66 00 01 9B 9B 8F  .D...f..fBf.....
4F80:  FF 8F BF 8F FF 8F BF 8F FF 8F BF 8F FF 00 02 8C  ................
4F90:  FC 78 78 9C CC 00 01 0C 9E FE 9E BE 9E FE 00 01  .xx.............
4FA0:  F0 F0 90 90 00 01 F0 F0 10 F0 00 01 F0 F0 10 F0  ................
4FB0:  00 02 04 04 04 07 00 01 07 07 04 07 00 01 07 07  ................
4FC0:  04 07 00 03 08 FC 18 04 C4 44 64 0A 06 9C F0 00  .........Dd.....
4FD0:  06 03 0C 50 4B 4A 48 6F 31 1F 07 00 03 48 6F 19  ...PKJHo1....Ho.
4FE0:  FC 1A 04 C4 44 64 0A 06 9D F0 40 4B 4A 64 0A 04  ....Dd....@KJd..
4FF0:  93 EC 50 4B 4A 48 6F 31 DF 0F 04 C4 44 48 6F 19  ..PKJHo1....DHo.
5000:  FC 1A 04 C4 44 64 0A 06 9D F0 40 4B 4A 64 0A 04  ....Dd....@KJd..
5010:  93 EC 50 4B 4A 48 6F 31 DF 0F 04 C4 44 00 02 08  ..PKJHo1....D...
5020:  FC 18 04 C4 44 64 0A 06 9C F0 00 06 03 0C 50 4B  ....Dd........PK
5030:  4A 48 6F 31 1F 07 00 07 80 C0 E0 F0 FC F8 F0 E0  JHo1............
5040:  C0 00 06 01 03 07 0F 1F 1F 0F 07 03 01 00 03 1F  ................
5050:  0F 07 03 81 C0 E0 F0 FC F8 F0 E1 C3 07 0F 1F FC  ................
5060:  F8 F0 E1 C3 07 0F 1F 1F 0F 07 03 81 C0 E0 F0 1F  ................
5070:  0F 07 03 81 C0 E0 F0 FC F8 F0 E1 C3 07 0F 1F FC  ................
5080:  F8 F0 E1 C3 07 0F 1F 1F 0F 07 03 81 C0 E0 F0 00  ................
5090:  04 80 C0 E0 F0 FC F8 F0 E0 C0 00 06 01 03 07 0F  ................
50A0:  1F 1F 0F 07 03 01 00 07 08 00 06 04 00 07 10 00  ................
50B0:  04 01 00 07 01 00 03 08 00 06 04 00 07 14 00 04  ................
50C0:  01 00 03 08 00 03 01 00 03 08 00 06 04 00 07 14  ................
50D0:  00 04 01 00 03 08 00 07 08 00 06 04 00 07 10 00  ................
50E0:  04 01 00 00 00 00 00 0D 40 50 54 54 54 56 88 84  ........@PTTTV..
50F0:  42 20 00 05 55 55 55 55 00 01 28 28 44 44 02 01  B ..UUUU..((DD..
5100:  55 40 80 82 44 08 48 50 54 54 54 56 88 D5 57 75  U@..D.HPTTTV..Wu
5110:  55 56 54 3E 28 55 55 55 55 00 01 28 28 44 44 42  UVT>(UUUU..((DDB
5120:  51 DD 10 10 20 A0 B8 A8 29 52 58 F0 00 01 08 5D  Q... ...)RX....]
5130:  55 57 5C 55 55 5D 0A 7A FA 7D FD FB 71 00 03 40  UW\UU].z.}..q..@
5140:  50 88 10 10 20 A0 B8 A8 29 52 58 F0 00 05 08 11  P... ...)RX.....
5150:  11 09 0A 7A FA 7D FD FB 71 00 06 40 00 01 40 80  ...z.}..q..@..@.
5160:  A8 E6 F6 54 54 14 80 00 02 40 80 01 04 05 00 02  ...TT....@......
5170:  33 3F 77 04 34 31 00 02 05 05 02 37 4E 01 40 80  3?w.41.....7N.@.
5180:  A9 E7 F6 55 54 15 80 00 01 01 42 B7 F1 34 15 80  ...UT.....B..4..
5190:  00 01 33 7F F7 04 34 71 00 01 40 DD 3D FE 04 34  ..3...4q..@.=..4
51A0:  00 01 01 02 A1 09 02 87 CC FD 78 30 3F 3F 77 54  ..........x0??wT
51B0:  54 14 80 A0 80 60 94 14 5E 0B 59 A2 BC E4 F4 00  T....`..^.Y.....
51C0:  04 02 A0 08 02 86 CC FC 78 30 1E 01 00 05 A0 80  ........x0......
51D0:  60 14 14 1E 0B 19 22 0C 00 03 D0 D4 B4 6C C2 86  `....."......l..
51E0:  CC FC 78 70 5C 47 A1 98 88 00 01 02 36 6D 03 14  ..xp\G......6m..
51F0:  14 1E 0B 19 23 4D 41 01 00 02 0B D1 D4 B4 6C C2  ....#MA.......l.
5200:  86 CC FC 7A 36 7F 03 14 14 1E FC 42 36 6D 03 14  ...z6......B6m..
5210:  14 1E 0B D9 F6 BC 6C C2 86 CC 08 71 BE 78 A5 10  ......l....q.x..
5220:  01 80 99 32 E9 38 0E EF E3 14 86 CC 71 13 10 00  ...2.8......q...
5230:  01 7A 7A 7A 7A 19 DF D7 F4 EC C2 08 71 BE 78 A5  .zzzz.......q.x.
5240:  10 01 80 99 32 E9 38 0E E3 E0 10 00 01 80 71 13  ....2.8.......q.
5250:  10 00 01 7A 7A 7A 7A 19 1F 13 70 80 00 01 88 54  ...zzzz...p....T
5260:  01 00 01 54 74 FC 32 BE 60 A0 A0 80 00 01 88 F0  ...Tt.2.`.......
5270:  02 01 04 10 40 09 3D 7F 7E 79 32 05 0B 03 0B 01  ....@.=.~y2.....
5280:  7E 54 01 00 01 54 74 FC 32 BE 60 A0 A0 80 19 F5  ~T...Tt.2.`.....
5290:  3F 3E 61 A4 B8 C0 09 BD 7F 7E 79 72 25 5B 73 F9  ?>a......~yr%[s.
52A0:  32 7E 79 32 05 03 03 01 60 D4 E0 40 20 DE 23 3F  2~y2....`..@ .#?
52B0:  7F BE 70 38 38 0C 0C 0C 08 17 0B 1D 2D 4C 58 98  ..p88.......-LX.
52C0:  30 00 07 60 D4 E0 40 20 DC 22 00 03 10 18 18 0C  0..`..@ ."......
52D0:  0C 0C 08 17 0B 1D 2D 4C 58 98 10 02 8C 10 80 F0  ......-LX.......
52E0:  F8 F8 00 01 F8 F0 E0 80 00 04 05 04 20 47 8F 8F  ............ G..
52F0:  37 F1 37 07 8F 87 40 20 00 02 37 8F 1F 87 F0 F8  7.7...@ ..7.....
5300:  F8 00 01 F8 F0 E0 87 0F 0F 33 7D FD F4 E0 47 8F  .........3}...G.
5310:  8F 37 F1 37 07 8F 87 F0 F0 E8 F0 37 07 8F 87 40  .7.7.......7...@
5320:  00 01 24 58 5A 74 FA 44 8B 0F 37 F1 F8 F0 E0 B0  ..$XZt.D..7.....
5330:  38 20 A8 70 A5 79 D8 BF DD F8 F8 00 07 24 58 5A  8 .p.y.......$XZ
5340:  74 FA 44 80 00 06 30 38 20 A8 70 A5 79 D8 3F 5D  t.D...08 .p.y.?]
5350:  28 00 0A 24 58 5A 74 FA 44 80 00 01 06 07 2F 0C  (..$XZt.D...../.
5360:  93 30 BE 20 AC 70 A5 79 D8 3F 5D 28 AC 70 25 79  .0. .p.y.?](.p%y
5370:  58 3F 5D 28 26 59 5A 74 EE 5E BA 00 01 06 17 3F  X?](&YZt.^.....?
5380:  0C D3 B0 BE 20 AC 70 A5 79 D8 3F 5D 28 EC 54 01  .... .p.y.?](.T.
5390:  00 01 54 74 FC 32 BE 63 A7 BC B3 70 BE F0 26 59  ..Tt.2.c...p..&Y
53A0:  5C 70 C0 09 BD 7F 7E 79 32 05 0B 03 0B 01 88 54  \p....~y2......T
53B0:  01 00 01 54 74 FC 32 BE 60 A0 A0 80 00 01 88 F0  ...Tt.2.`.......
53C0:  02 01 04 10 40 09 3D 7F 7E 79 32 05 0B 03 0B 01  ....@.=.~y2.....
53D0:  08 71 BE 78 A5 10 01 80 99 32 E9 38 0E E3 E0 10  .q.x.....2.8....
53E0:  00 01 80 71 13 10 00 01 7A 7A 7A 7A 19 1F 13 70  ...q....zzzz...p
53F0:  80 00 01 48 71 BF 7B A5 10 01 80 99 32 E9 38 0E  ...Hq.{.....2.8.
5400:  E3 EA 1A 18 80 79 13 10 00 01 7A 7A 7A 7A 99 5F  .....y....zzzz._
5410:  93 70 80 00 01 7A 7A 05 D3 D5 B4 6C C2 86 CC FD  .p...zz....l....
5420:  7B 30 1E 61 68 99 30 E8 02 36 6D 03 14 14 1E BB  {0.ah.0..6m.....
5430:  59 A3 0C 01 80 00 03 D0 D4 B4 6C C2 86 CC FC 78  Y.........l....x
5440:  30 1E 01 00 04 02 36 6D 03 14 14 1E 0B 19 22 0C  0.....6m......".
5450:  00 02 88 10 10 20 A0 B8 A8 29 52 58 F0 00 05 08  ..... ...)RX....
5460:  11 11 09 0A 7A FA 7D FD FB 71 00 05 FD FB 71 20  ....z.}..q....q 
5470:  A0 B8 A8 29 52 58 F0 00 01 02 72 7A 79 48 51 F1  ...)RX....rzyHQ.
5480:  09 0A 7A FA 7D FD FB 71 00 01 A0 A8 A0 29 F0 40  ..z.}..q.....).@
5490:  00 01 40 80 A8 E6 F6 54 54 14 80 00 01 20 48 F0  ..@....TT.... H.
54A0:  01 04 05 00 02 33 3F 77 04 34 31 00 02 05 04 52  .....3?w.41....R
54B0:  00 01 40 00 01 40 80 A8 E6 F6 54 54 14 80 00 02  ..@..@....TT....
54C0:  40 80 01 04 05 00 02 33 3F 77 04 34 31 00 02 05  @......3?w.41...
54D0:  04 02 FF FF FF FF FF FF FF FF FF FF FF FF FF FF  ................
54E0:  FF FF FF FF FF FF FF FF FF FF FF FF FF FF FF FF  ................
54F0:  FF FF 00 E9 6F 6F 00 01 6F 6F 00 2C 30 70 00 06  ....oo..oo.,0p..
5500:  1C 3E 63 41 00 03 41 63 3E 1C 00 1C 10 10 10 10  .>cA..Ac>.......
5510:  10 00 04 60 60 00 0C 3E 7F 7F 41 7F 7F 3E 00 02  ...``..>..A..>..
5520:  02 7F 7F 7F 00 03 72 7B 7B 59 5F 5F 4E 00 01 22  ......r{{Y__N.."
5530:  6B 6B 49 7F 7F 36 00 01 30 38 3C 22 7F 7F 7F 00  kkI..6..08<"....
5540:  01 6F 6F 6F 49 79 79 31 00 01 3E 7F 7F 49 7B 7B  .oooIyy1..>..I{{
5550:  32 00 01 01 01 61 79 7F 1F 07 00 01 36 7F 7F 49  2....ay.....6..I
5560:  7F 7F 36 00 01 26 6F 6F 49 7F 7F 3E 00 1A 14 14  ..6..&ooI..>....
5570:  14 14 14 00 12 3E 41 5D 55 55 41 3E 00 01 7E 7F  .....>A]UUA>..~.
5580:  11 11 11 7F 7E 00 01 7F 7F 49 49 49 7F 36 00 01  ....~....III.6..
5590:  3E 7F 41 41 41 63 22 00 01 7F 7F 41 41 41 7F 3E  >.AAAc"....AAA.>
55A0:  00 01 7F 7F 49 49 49 49 41 00 01 7F 7F 09 09 09  ....IIIIA.......
55B0:  09 01 00 01 3E 7F 41 49 49 7B 3A 00 01 7F 7F 08  ....>.AII{:.....
55C0:  08 08 7F 7F 00 03 7F 7F 00 05 40 41 7F 3F 00 03  ..........@A.?..
55D0:  7F 7F 08 1C 32 61 40 00 01 7F 7F 40 40 40 40 40  ....2a@....@@@@@
55E0:  00 01 7F 7F 06 0C 06 7F 7F 00 01 7F 7F 04 08 10  ................
55F0:  7F 7F 00 01 3E 7F 41 41 41 7F 3E 00 01 7F 7F 11  ....>.AAA.>.....
5600:  11 11 1F 0E 00 01 3E 7F 41 51 71 7F 3E 00 01 7F  ......>.AQq.>...
5610:  7F 09 09 09 7F 76 00 01 26 6F 49 49 49 7B 32 00  .....v..&oIII{2.
5620:  02 01 01 7F 7F 01 01 00 01 3F 7F 40 40 40 7F 3F  .........?.@@@.?
5630:  00 01 0F 1F 30 60 30 1F 0F 00 01 3F 7F 60 3E 60  ....0`0....?.`>`
5640:  7F 3F 00 01 63 36 1C 08 1C 36 63 00 01 0F 1F 70  .?..c6...6c....p
5650:  70 1F 0F 00 02 61 71 55 49 55 47 43 00 0B 02 02  p....aqUIUGC....
5660:  3E 02 02 00 01 3E 04 08 04 3E 00 13 FF FF FF FF  >....>...>......
5670:  FF FF FF FF FF FF FF FF FF FF FF FF 00 28 FF FF  .............(..
5680:  FF FF FF FF FF FF FF FF FF FF FF FF FF FF FF FF  ................
5690:  FF FF FF FF FF FF 00 18 FF FF FF FF FF FF FF FF  ................
56A0:  FF FF FF FF FF FF FF FF 00 08 FF FF FF FF FF FF  ................
56B0:  FF FF FF FF FF FF FF FF FF FF FF FF FF FF FF FF  ................
56C0:  FF FF FF FF FF FF FF FF FF FF FF FF FF FF FF FF  ................
56D0:  FF FF FF FF FF FF FF FF FF FF FF FF FF FF FF FF  ................
56E0:  FF FF FF FF FF FF FF FF FF FF FF FF FF FF FF FF  ................
56F0:  FF FF FF FF FF FF FF FF FF FF 00 18 FF FF FF FF  ................
5700:  FF FF FF FF 00 10 FF FF FF FF FF FF FF FF FF FF  ................
5710:  FF FF FF FF FF FF FF FF FF FF FF FF FF FF FF FF  ................
5720:  FF FF FF FF FF FF FF FF FF FF FF FF FF FF FF FF  ................
5730:  FF FF FF FF FF FF FF FF FF FF FF FF FF FF FF FF  ................
5740:  FF FF FF FF FF FF FF FF FF FF FF FF FF FF FF FF  ................
5750:  FF FF FF FF FF FF FF FF FF FF FF FF FF FF FF FF  ................
5760:  FF FF FF FF FF FF FF FF FF FF FF FF FF FF FF FF  ................
5770:  FF FF FF FF FF FF FF FF FF FF FF FF FF FF FF FF  ................
5780:  FF FF FF FF FF FF FF FF FF FF FF FF FF FF FF FF  ................
5790:  FF FF FF FF FF FF FF FF FF FF FF FF FF FF FF FF  ................
57A0:  FF FF FF FF FF FF FF FF FF FF FF FF FF FF FF FF  ................
57B0:  FF FF FF FF FF FF FF FF FF FF FF FF FF FF FF FF  ................
57C0:  FF FF FF FF FF FF FF FF FF FF FF FF FF FF FF FF  ................
57D0:  FF FF FF FF FF FF FF FF FF FF FF FF FF FF 00 08  ................
57E0:  FF FF FF FF FF FF FF FF FF FF FF FF FF FF FF FF  ................
57F0:  00 00 00 00 00 00 00 00 00 00 00 00 00 16 80 80  ................
5800:  C0 C0 C0 C0 E0 E0 E0 F0 FC FE FE FF FF FF FF FF  ................
5810:  FF FF FF FF FF FF FF FF 00 02 03 03 81 F9 FF FF  ................
5820:  FF FF FF FF FF FF FF FF 00 03 F0 FF FF FF FF FF  ................
5830:  FF FF FF 7F 7F 3F 3F 00 02 F0 FF FF FF FF FF FF  .....??.........
5840:  FF FF 3F 00 06 07 07 1F 1F 0F 0F 0F 0F 07 00 05  ..?.............
5850:  F0 F0 F8 F8 F8 FC FC FC FE FE FE FE FF FF FF FF  ................
5860:  FF 7F 3F 3F 1F 1F 0F 0F 0F 07 07 07 87 83 03 03  ..??............
5870:  F9 F8 F8 FC FC FE FE FE FE FF FF FF FF FF FF 7C  ...............|
5880:  1F 1F 0F 0F 07 07 03 03 03 01 01 01 00 04 80 80  ................
5890:  C0 C0 C0 C0 E0 E0 00 06 80 80 FF FF FF FF FF FF  ................
58A0:  FF 7F 7E 07 E0 F0 FC FF FF FF 01 01 01 00 04 E0  ..~.............
58B0:  FC FF FF FF FF FF FF FF 00 04 C0 F0 FF FF FF FF  ................
58C0:  FF FF FF FF 1F 03 00 03 F0 FF FF FF FF FF FF FF  ................
58D0:  FF 3F 01 00 05 07 07 1F 1F 1F 0F 0F 0F 0F 00 04  .?..............
58E0:  FF FF FF FF 7E 0E 00 0A 7F 1F 07 01 00 02 80 E0  ....~...........
58F0:  F0 F0 F0 F0 F0 F0 E0 E0 00 06 7F FF FF FF FF FF  ................
5900:  FF FF FF FF 00 07 03 0F 9F FF FF FF FF FF FF 00  ................
5910:  06 80 E0 E0 E3 F5 D5 F7 F5 F7 F7 00 06 07 0F 1F  ................
5920:  1F 1F 1F 1F 07 00 02 60 00 01 80 C0 E0 F0 F8 F8  .......`........
5930:  F8 F8 F8 F8 E0 20 00 02 FC FF FF FF FF FF FF FF  ..... ..........
5940:  3F 0F 07 01 80 E0 F8 FE FF FF FF 7F 1F 07 03 00  ?...............
5950:  04 06 07 07 1F 1F 1F 07 01 00 14 C0 E0 F0 F0 F0  ................
5960:  F0 F0 F0 D0 00 05 80 87 8F DF DF DF DF CF 87 03  ................
5970:  01 80 C0 F0 FC FE FF FF FF FF FF 7F 0F 03 C1 F0  ................
5980:  FC FF FF FF FF FF FF FF 3F 07 01 C0 F0 FE FF FF  ........?.......
5990:  FF 1F 1F 1F 1F 0F 03 00 05 80 E3 F3 F9 F9 00 06  ................
59A0:  80 C0 F8 FC FF FF FF FF FF FF 00 03 C0 F0 FE FF  ................
59B0:  FF FF FF FF 7F 1F 07 83 C3 30 BC FF FF FF FF FF  .........0......
59C0:  FF FF FF FF 7E 7E 7F 3F 3F 40 00 10 80 C0 E0 F8  ....~~.??@......
59D0:  F8 F8 F8 F8 F8 F8 F0 F0 F0 F0 F8 FE FF FF FF FF  ................
59E0:  FF FF 7F 3F 9F FF FF FF FF FF FF FF FF 3F 1F 07  ...?.........?..
59F0:  01 20 B8 FF 7F FF FF FF 7F 1F 0F F9 F8 FC FC 3C  . .............<
5A00:  1C 9C FC FC F8 F8 F0 F0 F0 E0 00 01 FF F3 F1 F8  ................
5A10:  FC FE FF FF FF 7F 7F 1F 0F 07 01 00 01 E7 FF FF  ................
5A20:  FF FF FF FF FF FF 7F 0E 00 03 F8 F8 1F 1F 0F 0F  ................
5A30:  07 07 03 01 00 06 01 03 00 0D 80 C0 E0 F8 F8 F8  ................
5A40:  F0 F0 E0 60 00 02 C0 F0 FC FF FF FF FF FF FF 3F  ...`...........?
5A50:  0F 03 01 F0 FC FF FF FF FF FF FF FF FF 03 00 06  ................
5A60:  01 07 0F 0F 0F 1F 1F 1F 1F 00 04 80 C0 E0 E0 F0  ................
5A70:  F0 F8 F8 F8 F8 F8 F8 0C 1E 1F 9F 9F 9F CF CF E7  ................
5A80:  E3 F3 F3 F9 FD FF FF FC FE FF FF FF FF FF EF F7  ................
5A90:  F3 FB FF FF FF FF FF 07 07 07 07 07 03 03 03 01  ................
5AA0:  00 01 03 03 03 01 01 01 E0 F0 F0 F0 F0 F0 F0 F0  ................
5AB0:  F0 E0 E0 C0 40 00 03 FF 3F 9F CF E7 E3 E3 E3 F3  ....@...?.......
5AC0:  F3 F3 F0 C0 C0 00 02 C1 E6 F7 FF FF FF FF FF FF  ................
5AD0:  7F 1F 0F 07 01 00 02 0F 0F 0F 0F 07 07 03 01 00  ................
5AE0:  08 F8 F8 F8 F8 F0 F0 F0 F0 00 05 80 E0 F8 FF FF  ................
5AF0:  FF FF FF 7F 07 00 04 F0 FC FF FF FF FF FF 1F 07  ................
5B00:  01 00 04 1C 7F 7F 3F 3F 1F 1F 00 11 C0 F0 F0 F0  ......??........
5B10:  F8 F8 F8 E0 40 00 02 80 C0 F0 FC FF FF FF FF FF  ....@...........
5B20:  FF 3F 07 00 01 C0 F8 FE FF FF FF FF FF FF 7F 1F  .?..............
5B30:  07 00 01 C0 F8 FF FF FF FF FF FF 3F 07 0F 03 00  ...........?....
5B40:  03 06 07 0F 0F 0F 0F 07 03 00 03 FC FE FE FE F8  ................
5B50:  38 00 0A FF 3F 0F 03 00 00 00 0C 00 18 FF FF FF  8...?...........
5B60:  FF FF FF FF FF 00 0A 60 78 18 18 00 14 18 18 10  .......`x.......
5B70:  30 38 00 23 03 03 02 02 03 03 00 12 02 02 00 01  08.#............
5B80:  03 03 00 01 03 03 00 16 E0 10 4A 15 05 01 02 BC  ..........J.....
5B90:  02 01 15 05 0A 10 E0 00 01 03 0C 10 30 78 DA FB  ............0x..
5BA0:  FB BB 89 48 20 10 0C 03 00 08 20 80 A0 E0 40 80  ...H ..... ...@.
5BB0:  00 04 40 50 78 FC 7C FC 3E FF 1F 7F 97 28 0A 00  ..@Px.|.>....(..
5BC0:  07 40 20 00 23 60 78 18 18 00 14 18 18 10 30 38  .@ .#`x.......08
5BD0:  00 23 03 03 02 02 03 03 00 12 02 02 00 01 03 03  .#..............
5BE0:  00 01 03 03 00 1A 80 00 02 08 00 1C 80 00 02 08  ................
5BF0:  00 14 80 00 02 08 00 04 80 00 02 08 00 14 80 00  ................
5C00:  02 08 00 04 80 00 02 08 00 1E 10 08 00 1E 10 08  ................
5C10:  00 16 10 08 00 06 10 08 00 16 10 08 00 06 10 08  ................
5C20:  00 1C 68 28 18 30 00 01 08 18 F8 F0 E0 00 09 10  ..h(.0..........
5C30:  18 0C 06 03 01 00 03 18 0C 06 03 69 28 18 30 00  ...........i(.0.
5C40:  01 08 18 F8 F0 E0 00 01 10 00 01 08 18 F8 F0 E0  ................
5C50:  00 01 10 18 0C 06 03 69 28 18 30 18 0C 06 03 69  .......i(.0....i
5C60:  28 18 30 00 01 08 18 F8 F0 E0 00 01 10 00 01 08  (.0.............
5C70:  18 F8 F0 E0 00 01 10 18 0C 06 03 69 28 18 30 00  ...........i(.0.
5C80:  04 68 28 18 30 00 01 08 18 F8 F0 E0 00 09 10 18  .h(.0...........
5C90:  0C 06 03 01 00 03 F0 10 18 00 01 F8 00 01 F8 00  ................
5CA0:  01 F8 00 01 F8 00 01 F8 00 01 F8 00 01 03 02 02  ................
5CB0:  20 43 E2 73 38 3B 7A 63 60 C3 02 03 00 01 F0 10   C.s8;zc`.......
5CC0:  18 00 01 F8 00 01 F8 00 01 F8 00 01 F8 00 01 F8  ................
5CD0:  00 01 F8 00 01 03 02 02 00 01 03 02 03 98 FB FA  ................
5CE0:  03 00 01 03 02 03 00 01 F0 10 18 00 01 F8 00 01  ................
5CF0:  F8 00 01 F8 00 01 F8 00 01 F8 00 01 F8 00 01 03  ................
5D00:  02 02 20 43 E2 7B 38 3B 7A 63 60 C3 02 03 00 68  .. C.{8;zc`....h
5D10:  FF 55 00 09 02 00 05 18 20 2E 20 2E 2E 18 00 08  .U...... . .....
5D20:  80 00 02 20 C0 80 00 07 18 70 61 E0 E0 F0 F8 7E  ... .....pa....~
5D30:  3F 1E 00 00 00 00 00 87 80 80 00 02 04 0C 00 08  ?...............
5D40:  20 60 00 01 01 00 0E 08 18 00 02 80 80 00 0F 11   `..............
5D50:  30 00 08 10 00 13 02 00 03 08 00 0E 10 00 07 08  0...............
5D60:  00 03 02 00 0F 40 00 01 10 00 01 84 00 01 20 00  .....@........ .
5D70:  06 20 06 00 01 70 00 01 06 00 08 20 00 01 84 00  . ...p..... ....
5D80:  01 10 00 01 40 00 0D 06 00 01 70 00 01 06 20 00  ....@.....p... .
5D90:  09 18 00 01 22 00 02 20 00 01 80 00 0B 01 00 01  ....".. ........
5DA0:  04 00 01 08 01 00 08 20 80 04 00 01 20 04 00 06  ....... .... ...
5DB0:  01 08 00 01 02 00 0D 60 20 B0 00 01 E0 00 01 F0  .......` .......
5DC0:  00 01 E0 00 01 F0 00 04 09 09 08 0F 08 0B 08 0F  ................
5DD0:  08 0B 08 0F 00 02 10 F0 00 01 F0 10 F0 00 01 F0  ................
5DE0:  10 F0 00 01 F0 10 F0 00 03 07 00 01 07 04 07 00  ................
5DF0:  01 07 04 07 00 01 07 04 07 00 02 20 F0 00 01 F0  ........... ....
5E00:  90 90 00 01 F0 10 F0 00 01 F0 10 F0 00 03 07 00  ................
5E10:  01 04 04 07 00 01 07 04 07 00 01 07 04 07 00 02  ................
5E20:  A0 A0 C0 F0 C0 E0 C0 F0 C0 E0 C0 F0 C0 E0 C0 F0  ................
5E30:  0D 0D 0F 0F 0F 0F 0F 0F 0F 0F 0F 0F 0F 0F 0F 0F  ................
5E40:  C0 80 80 00 01 C0 00 01 C0 00 01 C0 00 01 C0 00  ................
5E50:  01 C0 00 01 C0 00 01 04 04 07 00 01 07 04 07 00  ................
5E60:  01 07 04 07 00 01 07 04 07 00 03 7C 00 01 7C 40  ...........|..|@
5E70:  7C 00 01 7C 40 7C 00 01 7C 40 7C 00 03 40 20 10  |..|@|..|@|..@ .
5E80:  20 40 00 03 78 00 01 78 40 78 00 01 41 41 73 00   @..x..x@x..AAs.
5E90:  01 73 41 73 00 01 73 41 73 00 01 73 41 73 00 03  .sAs..sAs..sAs..
5EA0:  44 08 00 01 08 44 00 02 04 66 00 01 66 42 66 00  D....D...f..fBf.
5EB0:  04 60 20 B0 00 02 E0 00 01 F0 00 02 E0 00 01 F0  .` .............
5EC0:  00 01 09 09 09 08 0F 08 08 0B 08 0F 08 08 0B 08  ................
5ED0:  0F 00 02 E8 FC FC FE FE FE FE FE FE FC F0 00 05  ................
5EE0:  03 0F 1F 7F 7F 7F 7F 7F 3F 1F 07 00 03 7F 7F FF  ........?.......
5EF0:  FF FE FE FE FE FE FE FF FF FF 7F 7F 7F FE FE FF  ................
5F00:  FF FF 7F 7F 7F 7F 7F FF FF FF FE FE FE 7F 7F FF  ................
5F10:  FF FE FE FE FE FE FE FF FF FF 7F 7F 7F FE FE FF  ................
5F20:  FF FF 7F 7F 7F 7F 7F FF FF FF FE FE FE 00 02 E8  ................
5F30:  FC FC FE FE FE FE FE FE FC F0 00 05 03 0F 1F 7F  ................
5F40:  7F 7F 7F 7F 3F 1F 07 00 06 C0 E0 70 38 1C 0C 18  ....?......p8...
5F50:  30 60 C0 00 0B 18 0C 06 03 01 00 03 18 0C 06 C3  0`..............
5F60:  E1 70 38 1C 0C 18 30 60 C0 00 03 0C 18 30 60 C0  .p8...0`.....0`.
5F70:  00 03 18 0C 06 C3 E1 70 38 1C 18 0C 06 C3 E1 70  .......p8......p
5F80:  38 1C 0C 18 30 60 C0 00 03 0C 18 30 60 C0 00 03  8...0`.....0`...
5F90:  18 0C 06 C3 E1 70 38 1C 00 03 C0 E0 70 38 1C 0C  .....p8.....p8..
5FA0:  18 30 60 C0 00 0B 18 0C 06 03 01 00 07 08 00 06  .0`.............
5FB0:  04 00 07 10 00 04 01 00 07 01 00 03 08 00 06 04  ................
5FC0:  00 07 14 00 04 01 00 03 08 00 03 01 00 03 08 00  ................
5FD0:  06 04 00 07 14 00 04 01 00 03 08 00 07 08 00 06  ................
5FE0:  04 00 07 10 00 04 01 00 00 00 00 00 07 20 40 80  ............. @.
5FF0:  82 44 A8 E8 F8 FE BF AB 08 00 04 01 02 44 28 28  .D...........D((
6000:  3F FF FF 2A 33 00 06 2A 43 80 82 44 A8 E8 F8 FE  ?..*3..*C..D....
6010:  BF AB 08 00 01 3B BD DF FF BF AB 28 28 3F FF FF  .....;.....((?..
6020:  2A 33 00 03 80 E0 F8 AA 33 10 20 F0 FC FE FF FF  *3......3. .....
6030:  FE F8 F0 00 01 37 FB FD FE BF AB 09 1F 4F 07 07  .....7.......O..
6040:  47 07 0F 07 09 91 E8 F4 88 10 10 20 F0 FC FE FF  G.......... ....
6050:  FF FE F8 F0 08 08 84 82 08 11 11 09 1F 4F 07 07  .............O..
6060:  47 07 0F 07 09 11 08 04 08 71 4E 50 D0 BC BE AA  G........qNP....
6070:  AA AA A8 D0 50 0E 71 88 05 C4 25 32 0D 03 1B 7B  ....P.q...%2...{
6080:  7B 1B 03 0D 32 25 C5 02 18 71 4F 51 D2 BD BF AA  {...2%...qOQ....
6090:  AB AA A9 D2 51 0F 73 9B 0D CC 2D B2 4D 03 5B FB  ....Q.s...-.M.[.
60A0:  7B 1B 43 4D 72 ED ED AA 7B 1B F1 FD FC FF FF FC  {.CMr...{.......
60B0:  7D 38 19 02 01 01 1A 7B AA AA AB BF 5F 7F 1F 8B  }8.....{...._...
60C0:  03 41 40 40 80 B0 BE AA 00 02 F0 FC FC FE FE FC  .A@@............
60D0:  7C 38 18 00 07 03 3F 5F 7F 1F 0B 03 01 00 04 10  |8....?_........
60E0:  00 01 F0 FC FE FE FE FC 78 30 00 08 03 3F 5F 7F  ........x0...?_.
60F0:  1F 0B 03 01 00 04 10 00 03 F0 FC FE FE FE FC 78  ...............x
6100:  30 03 07 4F 61 1E 0B 03 01 03 3F 5F 7F 1F 0B 03  0..Oa.....?_....
6110:  01 F0 E4 DC F2 FE FC 78 30 17 06 BD 40 C5 F0 F9  .......x0...@...
6120:  7E 61 C2 09 21 0F FC 1F 0B 78 30 01 02 0F 1F 05  ~a..!....x0.....
6130:  15 05 05 E7 E4 EE 8E 7E FC 00 02 BC 40 C5 F0 F9  .......~....@...
6140:  7E 61 C2 09 20 0E E0 00 04 01 02 0F 1F 05 15 05  ~a.. ...........
6150:  05 07 04 02 00 05 FC FE AA 8B 03 0D 01 1E 5C 58  ..............\X
6160:  60 80 00 05 03 0F 36 02 10 48 68 30 00 05 48 00  `.....6..Hh0..H.
6170:  01 FC FE AA 8B 03 0D 01 1E 5C 5B 6F 86 0A 10 01  .........\[o....
6180:  1E 58 43 0F B6 02 10 48 68 B0 D8 A4 8C 06 0D 48  .XC....Hh......H
6190:  68 30 22 DC 20 40 E0 AB 00 02 03 03 0C 02 10 01  h0". @..........
61A0:  1E 9C 5C 4E 2F 1F 4F 2A 4C EE DE BE BF 7F 1F 00  ..\N/.O*L.......
61B0:  03 22 DC 20 40 E0 AB 00 08 18 9C 5C 4E 2F 1F 4F  .". @......\N/.O
61C0:  2A 4C 0E 0E 0E 1C 1C 18 02 8C 90 20 00 02 20 FC  *L......... .. .
61D0:  04 08 18 70 A0 10 0C 82 05 04 28 40 80 80 48 0E  ...p......(@..H.
61E0:  C8 78 80 88 47 29 11 08 CA FC 90 28 07 00 01 20  .x..G).....(... 
61F0:  FC 04 08 18 70 A0 10 4C 82 05 0C 38 F0 80 80 48  ....p..L...8...H
6200:  0E C8 78 80 88 47 29 11 28 C8 78 80 88 47 01 7D  ..x..G).(.x..G.}
6210:  FE FF FF E7 AB 94 40 48 0E 04 08 18 40 D0 78 F8  ......@H....@.x.
6220:  3C FF 3F AF 17 4A 29 20 FC 00 06 7C FE FF FF E7  <.?..J) ...|....
6230:  AB 94 40 00 05 40 50 78 F8 3C FF 3F AF 17 4A 29  ..@..@Px.<.?..J)
6240:  00 04 80 80 00 04 7C FE FF FF E7 AB 94 40 00 01  ......|......@..
6250:  0A 28 1F BF 7F FE 7E FC 3E FF 3F AF 17 4A 29 FC  .(....~.>.?..J).
6260:  3E FF BF 2F 17 4A 28 7C FE FF FF F3 AD D6 7E 78  >../.J(|......~x
6270:  FA E8 FF BF 7F FE 7E FC 3E FF 3F AF 17 4A 29 74  ......~.>.?..J)t
6280:  02 FE FF AA 8B 03 0D 01 1C 58 47 5F BF 76 0E 7C  .........XG_.v.|
6290:  FE F8 E3 8F B6 82 10 48 68 B0 80 00 06 FC FE AA  .......Hh.......
62A0:  8B 03 0D 01 1E 5C 58 60 80 00 05 03 0F 36 02 10  .....\X`.....6..
62B0:  48 68 30 00 07 BC 40 C5 F0 F9 7E 61 C2 09 20 0E  Hh0...@...~a.. .
62C0:  E0 00 04 01 02 0F 1F 05 15 05 05 07 04 02 00 03  ................
62D0:  37 06 BD 40 C5 F0 F9 7E 61 C2 09 20 0E FC 15 65  7..@...~a.. ...e
62E0:  E0 70 09 02 0F 1F 05 15 05 05 87 44 C2 80 78 FE  .p.........D..x.
62F0:  05 05 F5 FC FE FE FE FC 78 30 01 02 07 01 16 17  ........x0......
6300:  61 C0 0B 3F 5F 7F 1F 0B 03 01 B0 40 81 C0 F9 7E  a..?_......@...~
6310:  00 02 F0 FC FE FE FE FC 78 30 00 08 03 3F 5F 7F  ........x0...?_.
6320:  1F 0B 03 01 00 04 10 00 01 88 10 10 20 F0 FC FE  ............ ...
6330:  FF FF FE F8 F0 08 08 84 82 08 11 11 09 1F 4F 07  ..............O.
6340:  07 47 07 0F 07 09 11 08 04 CF 17 1F 27 F0 FC FE  .G..........'...
6350:  FF FF FE F8 F0 1F 4F 8F 8F FF FF F9 F9 1F 4F 07  ......O.......O.
6360:  07 47 07 0F 07 F9 FD FE FF 0B 75 4F 50 D0 BC BE  .G........uOP...
6370:  AA AA AA A8 D0 50 4F 77 8F F5 E4 25 32 0D 03 1B  .....POw...%2...
6380:  7B 7B 1B 03 0D 32 E5 F4 FA 08 71 4E 50 D0 BC BE  {{...2....qNP...
6390:  AA AA AA A8 D0 50 4E 71 88 05 C4 25 32 0D 03 1B  .....PNq...%2...
63A0:  7B 7B 1B 03 0D 32 25 C4 02 00 00 00 09 6F 6F 00  {{...2%......oo.
63B0:  01 6F 6F 00 2C 30 70 00 06 1C 3E 63 41 00 03 41  .oo.,0p...>cA..A
63C0:  63 3E 1C 00 1C 10 10 10 10 10 00 04 60 60 00 0C  c>..........``..
63D0:  3E 7F 7F 41 7F 7F 3E 00 02 02 7F 7F 7F 00 03 72  >..A..>........r
63E0:  7B 7B 59 5F 5F 4E 00 01 22 6B 6B 49 7F 7F 36 00  {{Y__N.."kkI..6.
63F0:  01 30 38 3C 22 7F 7F 7F 00 01 6F 6F 6F 49 79 79  .08<".....oooIyy
6400:  31 00 01 3E 7F 7F 49 7B 7B 32 00 01 01 01 61 79  1..>..I{{2....ay
6410:  7F 1F 07 00 01 36 7F 7F 49 7F 7F 36 00 01 26 6F  .....6..I..6..&o
6420:  6F 49 7F 7F 3E 00 1A 14 14 14 14 14 00 12 3E 41  oI..>.........>A
6430:  5D 55 55 41 3E 00 01 7E 7F 11 11 11 7F 7E 00 01  ]UUA>..~.....~..
6440:  7F 7F 49 49 49 7F 36 00 01 3E 7F 41 41 41 63 22  ..III.6..>.AAAc"
6450:  00 01 7F 7F 41 41 41 7F 3E 00 01 7F 7F 49 49 49  ....AAA.>....III
6460:  49 41 00 01 7F 7F 09 09 09 09 01 00 01 3E 7F 41  IA...........>.A
6470:  49 49 7B 3A 00 01 7F 7F 08 08 08 7F 7F 00 03 7F  II{:............
6480:  7F 00 05 40 41 7F 3F 00 03 7F 7F 08 1C 32 61 40  ...@A.?......2a@
6490:  00 01 7F 7F 40 40 40 40 40 00 01 7F 7F 06 0C 06  ....@@@@@.......
64A0:  7F 7F 00 01 7F 7F 04 08 10 7F 7F 00 01 3E 7F 41  .............>.A
64B0:  41 41 7F 3E 00 01 7F 7F 11 11 11 1F 0E 00 01 3E  AA.>...........>
64C0:  7F 41 51 71 7F 3E 00 01 7F 7F 09 09 09 7F 76 00  .AQq.>........v.
64D0:  01 26 6F 49 49 49 7B 32 00 02 01 01 7F 7F 01 01  .&oIII{2........
64E0:  00 01 3F 7F 40 40 40 7F 3F 00 01 0F 1F 30 60 30  ..?.@@@.?....0`0
64F0:  1F 0F 00 01 3F 7F 60 3E 60 7F 3F 00 01 63 36 1C  ....?.`>`.?..c6.
6500:  08 1C 36 63 00 01 0F 1F 70 70 1F 0F 00 02 61 71  ..6c....pp....aq
6510:  55 49 55 47 43 00 0B 02 02 3E 02 02 00 01 3E 04  UIUGC....>....>.
6520:  08 04 3E 00 1C 6F 6F 00 01 6F 6F 00 2C 30 70 00  ..>..oo..oo.,0p.
6530:  06 1C 3E 63 41 00 03 41 63 3E 1C 00 1C 10 10 10  ..>cA..Ac>......
6540:  10 10 00 04 60 60 00 0C 3E 7F 7F 41 7F 7F 3E 00  ....``..>..A..>.
6550:  02 02 7F 7F 7F 00 03 72 7B 7B 59 5F 5F 4E 00 01  .......r{{Y__N..
6560:  22 6B 6B 49 7F 7F 36 00 01 30 38 3C 22 7F 7F 7F  "kkI..6..08<"...
6570:  00 01 6F 6F 6F 49 79 79 31 00 01 3E 7F 7F 49 7B  ..oooIyy1..>..I{
6580:  7B 32 00 01 01 01 61 79 7F 1F 07 00 01 36 7F 7F  {2....ay.....6..
6590:  49 7F 7F 36 00 01 26 6F 6F 49 7F 7F 3E 00 1A 14  I..6..&ooI..>...
65A0:  14 14 14 14 00 12 3E 41 5D 55 55 41 3E 00 01 7E  ......>A]UUA>..~
65B0:  7F 11 11 11 7F 7E 00 01 7F 7F 49 49 49 7F 36 00  .....~....III.6.
65C0:  01 3E 7F 41 41 41 63 22 00 01 7F 7F 41 41 41 7F  .>.AAAc"....AAA.
65D0:  3E 00 01 7F 7F 49 49 49 49 41 00 01 7F 7F 09 09  >....IIIIA......
65E0:  09 09 01 00 01 3E 7F 41 49 49 7B 3A 00 01 7F 7F  .....>.AII{:....
65F0:  08 08 08 7F 7F 00 03 7F 7F 00 05 40 41 7F 3F 00  ...........@A.?.
6600:  03 7F 7F 08 1C 32 61 40 00 01 7F 7F 40 40 40 40  .....2a@....@@@@
6610:  40 00 01 7F 7F 06 0C 06 7F 7F 00 01 7F 7F 04 08  @...............
6620:  10 7F 7F 00 01 3E 7F 41 41 41 7F 3E 00 01 7F 7F  .....>.AAA.>....
6630:  11 11 11 1F 0E 00 01 3E 7F 41 51 71 7F 3E 00 01  .......>.AQq.>..
6640:  7F 7F 09 09 09 7F 76 00 01 26 6F 49 49 49 7B 32  ......v..&oIII{2
6650:  00 02 01 01 7F 7F 01 01 00 01 3F 7F 40 40 40 7F  ..........?.@@@.
6660:  3F 00 01 0F 1F 30 60 30 1F 0F 00 01 3F 7F 60 3E  ?....0`0....?.`>
6670:  60 7F 3F 00 01 63 36 1C 08 1C 36 63 00 01 0F 1F  `.?..c6...6c....
6680:  70 70 1F 0F 00 02 61 71 55 49 55 47 43 00 0B 02  pp....aqUIUGC...
6690:  02 3E 02 02 00 01 3E 04 08 04 3E 00 00 00 00 00  .>....>...>.....
66A0:  00 00 00 00 00 00 00 00 19 80 80 C0 C0 C0 C0 E0  ................
66B0:  E0 E0 F0 FC FE 7E 7F 7F 3F 1F FF FF FF FF FF FF  .....~..?.......
66C0:  1F 07 03 00 04 80 F8 FF FF FF FF FF E7 E0 F0 F0  ................
66D0:  F0 00 03 F0 FF FF FF FF FF FF 0F 0F 07 07 03 03  ................
66E0:  00 02 F0 FF FF FF FF FF 7F 00 07 80 80 87 87 C3  ................
66F0:  C7 E3 E3 E0 E0 F0 F0 F0 F0 F8 F8 F0 F0 F8 F8 F8  ................
6700:  FC FC 7C 7E 7E 3E 3E 3F 1F 1F 1F 03 01 01 01 00  ..|~~>>?........
6710:  08 80 80 00 02 F8 F8 F8 FC FC FE 7E 7E 3E 3F 3F  ...........~~>??
6720:  1F 1F 1F 07 00 01 03 03 01 01 00 0C 80 80 C0 C0  ................
6730:  C0 C0 E0 E0 00 06 80 80 0F 0F 0F 0F 0F 0F 07 01  ................
6740:  00 02 E0 F0 FC FF FF FF 00 07 E0 FC FF FF FF FF  ................
6750:  3F 07 01 00 04 C0 F0 FF FF FF FF FF 0F 00 07 F0  ?...............
6760:  FF FF FF FF FF 1F 00 06 80 80 80 C7 C7 C7 C7 E3  ................
6770:  E3 E0 E0 70 70 70 70 78 7F 1F 07 03 00 12 80 E0  ...ppppx........
6780:  F0 F0 F0 F0 F0 30 00 08 7F FF FF FF FF FF F3 80  .....0..........
6790:  E0 F8 00 07 03 0F 9F FF FF FF FF FF FF 78 38 38  .............x88
67A0:  38 3C 1C 9C FC FC FF FF FF FF 3F 0F 0B 00 06 07  8<........?.....
67B0:  07 07 07 07 07 00 06 80 C0 E0 F0 F8 F8 F8 F8 38  ...............8
67C0:  18 00 04 FC FF FF FF FF 3F 1F 07 01 00 03 80 E0  ........?.......
67D0:  F8 FE FF 1F 0F 03 00 07 06 07 07 07 07 01 00 16  ................
67E0:  C0 E0 F0 F0 F0 F0 F0 70 10 00 05 80 87 8F CF CF  .......p........
67F0:  CF C7 43 00 03 80 C0 F0 FC FE FF FF 3F 0F 07 03  ..C.........?...
6800:  00 02 C0 F0 FC FF FF FF 3F 0F 03 00 04 C0 F0 FE  ........?.......
6810:  FF 7F 7F 07 07 00 09 80 E0 F0 F8 F8 00 06 80 C0  ................
6820:  F8 FC FF FF FF FF EF E1 00 03 C0 F0 FE FF FF FF  ................
6830:  3F 0F 03 03 01 81 C1 30 3C 3F 3F 3F 3F 3F 3F 3C  ?......0<??????<
6840:  3C 1E 1E 1E 1F 0F 0F 00 11 80 C0 E0 F8 F8 F8 F8  <...............
6850:  D8 E8 E8 E0 F0 F0 F0 F8 FE FF FF FF 7F 3F 1F 0F  .............?..
6860:  0F 87 E3 F9 FF FF FF FF 3F 0F 03 00 03 20 38 3F  ........?.... 8?
6870:  3F 1F 1F 1F 07 03 00 01 78 38 1C 1C 0C 0C 9C FC  ?.......x8......
6880:  FC F8 F8 F0 E0 00 03 E0 F0 F0 F8 FC 7E 7F 3F 1F  ............~.?.
6890:  0F 07 01 00 04 E7 FF FF FF FF FE 7E 1C 00 06 F8  ...........~....
68A0:  F8 87 87 83 83 81 80 80 C0 C0 C0 C0 C0 C0 E0 E1  ................
68B0:  E3 00 0D 80 C0 E0 F8 F8 F8 F0 70 00 04 C0 F0 FC  ..........p.....
68C0:  FF FF FF 3F 7F 1F 07 01 00 02 F0 FC FF FF FF FF  ...?............
68D0:  FF 07 00 01 80 00 07 01 03 03 07 07 07 07 07 07  ................
68E0:  00 04 80 C0 E0 E0 F0 F0 F8 F8 78 78 78 F8 0C 0E  ..........xxx...
68F0:  0F 8F 87 87 C3 C3 E1 E1 70 30 F8 FC FF FF FC FE  ........p0......
6900:  FF FF EF C7 E3 E1 70 F0 F8 FF 7F 7F 7F 1F E3 E3  ......p.........
6910:  E3 F3 F1 F1 70 70 70 70 70 38 38 38 38 18 E0 F0  ....ppppp8888...
6920:  F0 F0 F0 F0 F0 F0 F0 E0 20 00 05 0F 07 83 C1 E1  ........ .......
6930:  E1 E1 E1 F1 F0 F0 70 00 04 C0 E6 F7 FF FF FF FF  ......p.........
6940:  3F 1F 07 01 00 05 07 07 07 03 01 01 00 0A F8 F8  ?...............
6950:  F8 F8 F0 00 08 80 E0 F8 FF FF 7F 1F 00 07 F0 FC  ................
6960:  FF FF FF 07 01 00 07 1C 1F 1F 0F 0F 87 01 38 3C  ..............8<
6970:  3C 1C 1C 1C 1E 1E 0E 0E 0F 0B 09 05 00 01 02 00  <...............
6980:  01 C0 F0 F0 F0 F8 78 18 00 04 80 C0 F0 FC FF FF  ......x.........
6990:  FF 7F 0F 01 00 03 C0 F8 FE FF FF FF 3F 3F 0F 03  ............??..
69A0:  00 03 C0 F8 FF FF FF FF 3F 0F 01 00 06 06 07 07  ........?.......
69B0:  07 03 03 01 00 04 FC FE 3E 0E 00 0C 07 00 0F 08  ........>.......
69C0:  04 24 92 7E 7E 3F 3F 1F 1F 1F 0F 0F 07 07 07 00  .$.~~??.........
69D0:  10 03 03 03 01 01 01 00 28 80 80 F0 78 78 78 3C  ........(...xxx<
69E0:  3C 3E 1E 1E 1E 0F 0F 0F 0F 07 07 A8 B8 F8 F8 78  <>.............x
69F0:  78 78 78 7C 3C 3C 3C 1E 1E 1E 1E 00 10 1E 1E 0E  xxx|<<<.........
6A00:  0F 0F 0F 0F 07 07 07 07 07 03 03 03 03 00 10 03  ................
6A10:  03 03 01 01 01 01 01 00 58 00 10 FF FF FF FF FF  ........X.......
6A20:  FF FF FF 7F 3F 03 03 03 03 01 00 06 80 E0 F0 F8  ....?...........
6A30:  FC FC 7C F8 F8 FC FC 00 05 07 6F 7F 3F 3F 3D 18  ..|.......o.??=.
6A40:  01 59 7F 7F FC FC F8 F8 10 70 FC FC FC F8 F0 C0  .Y.......p......
6A50:  00 04 1F 7F 7F 7D 58 00 01 19 3F 3F 7F 6F 07 00  .....}X...??.o..
6A60:  0A C0 F0 FC FE FF FF 3E 0E FF FF 00 05 F0 FF BF  .......>........
6A70:  1F 0F 07 00 01 80 F8 FF 1F FC FC FE FE 70 FF FF  .............p..
6A80:  FC FF FF F8 00 05 0F 1F FF FF C0 00 01 0F BF FF  ................
6A90:  EF 1F 7C 70 40 00 02 E0 F0 FA FF FF FF FE 4C FE  ..|p@.........L.
6AA0:  FF FF FF FA F0 E0 00 01 03 0F 1F 2F 47 AD AD ED  .........../G...
6AB0:  ED F6 77 3F 1F 0F 03 00 09 80 00 01 80 80 00 06  ..w?............
6AC0:  10 18 00 01 1C 10 4C 1A 77 05 2A 17 00 06 C0 F0  ......L.w.*.....
6AD0:  F0 F8 F8 F8 F8 F0 F0 C0 00 06 03 0F 0F 1F 1F 1F  ................
6AE0:  1F 0F 0F 03 00 0B 18 1C 7C 7C 18 18 1C 1C 00 05  ........||......
6AF0:  06 6C 7C 3C 3C 3C 18 00 01 58 7C 7C 1C 1C 18 18  .l|<<<...X||....
6B00:  10 30 3C 1C 1C 18 00 06 1C 7C 7C 7C 58 00 01 18  .0<......|||X...
6B10:  3C 3C 7C 6E 06 00 0C 0C 1E 1F 0F 02 02 03 1F 00  <<|n............
6B20:  05 F0 FE BE 1C 0C 04 00 01 80 F8 FE 1C 1C 1C 1A  ................
6B30:  02 00 01 03 03 1C 3F 3F 18 00 05 0C 1C FC FE C0  ......??........
6B40:  00 01 0E BE FE EE 1E 7C 70 40 00 05 80 C0 C0 B8  .......|p@......
6B50:  FC FC B8 C0 C0 80 00 06 03 07 07 33 3F 3F 33 07  ...........3??3.
6B60:  07 03 00 03 3F 33 07 87 C3 C0 B8 FC FC B8 C0 C3  ....?3..........
6B70:  87 07 33 3F FC B8 C0 C3 87 07 33 3F 3F 33 07 87  ..3?......3??3..
6B80:  C3 C0 B8 FC 3F 33 07 87 C3 C0 B8 FC FC B8 C0 C3  ....?3..........
6B90:  87 07 33 3F FC B8 C0 C3 87 07 33 3F 3F 33 07 87  ..3?......3??3..
6BA0:  C3 C0 B8 FC 00 03 80 C0 C0 B8 FC FC B8 C0 C0 80  ................
6BB0:  00 06 03 07 07 33 3F 3F 33 07 07 03 00 06 80 E0  .....3??3.......
6BC0:  F0 F8 FC FC F8 F0 E0 80 00 06 03 07 07 33 3F 3F  .............3??
6BD0:  33 07 07 03 00 03 3F 33 07 87 E3 F0 F8 FC FC F8  3.....?3........
6BE0:  F0 E3 87 07 33 3F FC F8 F0 E3 87 07 33 3F 3F 33  ....3?......3??3
6BF0:  07 87 E3 F0 F8 FC 3F 33 07 87 E3 F0 F8 FC FC F8  ......?3........
6C00:  F0 E3 87 07 33 3F FC F8 F0 E3 87 07 33 3F 3F 33  ....3?......3??3
6C10:  07 87 E3 F0 F8 FC 00 03 80 E0 F0 F8 FC FC F8 F0  ................
6C20:  E0 80 00 06 03 07 07 33 3F 3F 33 07 07 03 00 07  .......3??3.....
6C30:  60 20 00 1E 60 20 00 16 60 20 00 06 60 20 00 16  ` ..` ..` ..` ..
6C40:  60 20 00 06 60 20 00 1A F2 F2 38 3F F8 FE F8 FF  ` ..` ....8?....
6C50:  F8 FE F8 FF F8 FE F8 FF 07 07 06 26 47 E7 77 3F  ...........&G.w?
6C60:  1F 0F 47 67 C7 07 07 07 F2 F2 38 3F F8 FE F8 FF  ..Gg......8?....
6C70:  F8 FE F8 FF F8 FE F8 FF 07 07 06 06 07 07 07 9F  ................
6C80:  FF 07 07 07 07 07 07 07 F2 F2 38 3F F8 FE F8 FF  ..........8?....
6C90:  F8 FE F8 FF F8 FE F8 FF 07 07 06 26 47 E7 77 0F  ...........&G.w.
6CA0:  1F 3F 67 67 C7 07 07 07 00 67 55 AA 00 07 FF FF  .?gg.....gU.....
6CB0:  FF FF FF FF FF FF E7 D1 DF D1 D1 D1 E7 FF 00 07  ................
6CC0:  80 00 0E 01 00 00 00 00 00 8E 80 00 03 04 00 09  ................
6CD0:  20 00 11 08 00 03 80 00 10 10 00 09 10 00 13 02   ...............
6CE0:  00 03 08 00 0E 10 00 07 08 00 03 02 00 0F 40 00  ..............@.
6CF0:  01 10 00 01 84 00 01 20 00 06 20 06 00 01 70 00  ....... .. ...p.
6D00:  01 06 00 08 20 00 01 84 00 01 10 00 01 40 00 0D  .... ........@..
6D10:  06 00 01 70 00 01 06 20 00 09 18 00 01 22 00 02  ...p... ....."..
6D20:  20 00 01 80 00 0B 01 00 01 04 00 01 08 01 00 08   ...............
6D30:  20 80 04 00 01 20 04 00 06 01 08 00 01 02 00 0C   .... ..........
6D40:  F0 F0 B0 B0 F0 F0 F0 F0 F0 F0 F0 F0 00 04 0D 0D  ................
6D50:  0F 0F 0F 0F 0F 0F 0F 0F 0F 0F 00 02 10 F0 00 01  ................
6D60:  F0 10 F0 00 01 F0 10 F0 00 01 F0 10 F0 00 03 07  ................
6D70:  00 01 07 04 07 00 01 07 04 07 00 01 07 04 07 00  ................
6D80:  02 60 F0 F0 F0 F0 B0 B0 F0 F0 F0 F0 F0 F0 F0 F0  .`..............
6D90:  00 02 0F 0F 0D 0D 0F 0F 0F 0F 0F 0F 0F 0F 0F 0F  ................
6DA0:  00 01 80 80 C0 00 01 C0 00 01 C0 00 01 C0 00 01  ................
6DB0:  C0 00 01 C0 00 01 C0 00 01 04 04 07 00 01 07 04  ................
6DC0:  07 00 01 07 04 07 00 01 07 04 07 00 01 C0 E0 E0  ................
6DD0:  F0 C0 E0 C0 F0 C0 E0 C0 F0 C0 E0 C0 F0 0D 0D 0F  ................
6DE0:  0F 0F 0F 0F 0F 0F 0F 0F 0F 0F 0F 0F 0F 00 01 04  ................
6DF0:  FC FF FC FE FC FF FC FE FC FF FC FE FC FF 00 02  ................
6E00:  C8 F4 78 70 D8 CC 00 01 08 F8 FE F8 FC F8 FE D2  ..xp............
6E10:  D2 F0 FF F0 FE F0 FF F0 FE F0 FF F0 FE F0 FF 00  ................
6E20:  02 C8 D4 68 50 D8 CC 00 01 08 E0 FE E0 FC E0 FE  ...hP...........
6E30:  00 22 E8 1C EC FA 3A BA 9A F4 F8 E0 00 06 03 0C  ."....:.........
6E40:  13 2F 34 35 37 10 0F 03 01 00 03 37 10 EF 1F EC  ./457......7....
6E50:  FA 3A BA 9A F4 F9 E2 0F 3F 34 35 9A F4 FB EC 13  .:......?45.....
6E60:  2F 34 35 37 10 CF 33 F9 FA 3A BA 37 10 EF 1F EC  /457..3..:.7....
6E70:  FA 3A BA 9A F4 F9 E2 0F 3F 34 35 9A F4 FB EC 13  .:......?45.....
6E80:  2F 34 35 37 10 CF 33 F9 FA 3A BA 00 02 E8 1C EC  /457..3..:......
6E90:  FA 3A BA 9A F4 F8 E0 00 06 03 0C 13 2F 34 35 37  .:........../457
6EA0:  10 0F 03 01 00 06 C0 E0 70 38 1C 00 1B C0 E0 70  ........p8.....p
6EB0:  38 1C 00 13 C0 E0 70 38 1C 00 03 C0 E0 70 38 1C  8.....p8.....p8.
6EC0:  00 13 C0 E0 70 38 1C 00 03 C0 E0 70 38 1C 00 1B  ....p8.....p8...
6ED0:  10 38 38 10 00 03 08 1C 1C 08 00 04 20 70 70 20  .88......... pp 
6EE0:  00 01 02 07 07 02 00 05 07 07 02 10 38 38 10 00  ............88..
6EF0:  03 08 1C 1C 08 00 01 02 00 02 28 7C 7C 28 00 01  ..........(||(..
6F00:  02 07 07 02 10 38 38 10 00 01 07 07 02 10 38 38  .....88.......88
6F10:  10 00 03 08 1C 1C 08 00 01 02 00 02 28 7C 7C 28  ............(||(
6F20:  00 01 02 07 07 02 10 38 38 10 00 04 10 38 38 10  .......88....88.
6F30:  00 03 08 1C 1C 08 00 04 20 70 70 20 00 01 02 07  ........ pp ....
6F40:  07 02 00 00 00 00 00 0B 40 10 00 01 40 54 56 88  ........@...@TV.
6F50:  84 42 20 00 05 20 00 02 35 00 01 28 28 44 44 02  .B .. ..5..((DD.
6F60:  01 15 00 05 40 10 00 01 40 54 56 88 A4 42 20 00  ....@...@TV..B .
6F70:  01 40 54 16 00 01 20 00 02 35 00 01 28 28 44 44  .@T... ..5..((DD
6F80:  42 11 35 00 03 F0 54 56 D6 AC A0 00 02 08 28 04  B.5...TV......(.
6F90:  02 00 01 40 54 54 15 45 05 02 42 88 70 00 03 40  ...@TT.E..B.p..@
6FA0:  10 00 04 F0 54 56 D6 AC A0 00 0A 15 45 05 02 42  ....TV......E..B
6FB0:  88 70 00 06 40 40 40 80 00 01 44 54 54 54 14 80  .p..@@@...DTTT..
6FC0:  40 00 01 40 80 05 04 05 02 01 01 14 05 04 14 01  @..@............
6FD0:  01 02 05 05 02 17 4E 41 41 82 01 45 54 55 54 15  ......NAA..ETUT.
6FE0:  82 41 01 40 94 F5 34 15 82 41 01 54 85 04 14 41  .A.@..4..A.T...A
6FF0:  41 42 95 15 56 04 14 D1 D5 D6 B7 6F DE B3 C4 E5  AB..V......o....
7000:  7A 31 1F 15 05 54 54 16 B6 F6 ED 63 94 14 5E 4B  z1...TT....c..^K
7010:  59 A2 0C 44 54 00 02 D0 D4 D6 B6 6E DE B2 C4 E4  Y..DT......n....
7020:  78 30 1E 01 00 03 02 36 F6 ED 63 14 14 1E 0B 19  x0.....6..c.....
7030:  22 0C 00 02 D0 04 02 A0 08 02 86 CC FC 78 70 5C  "............xp\
7040:  47 A1 98 88 02 34 60 00 02 14 14 1E 0B 19 23 4D  G....4`.......#M
7050:  41 01 00 02 DB 05 02 A0 08 02 86 CC FE 7C 70 1E  A............|p.
7060:  01 14 14 1E FE 74 60 00 02 14 14 1E DB 1D 22 AC  .....t`.......".
7070:  08 02 86 CC 08 71 BE 78 A5 10 C1 AE B9 F2 E9 38  .....q.x.......8
7080:  0E E3 E0 14 86 CC 71 13 14 07 3A 7A 7A 3A DF 1F  ......q...:zz:..
7090:  13 F0 88 02 08 71 BE 78 A5 10 C1 AE B9 F2 E9 38  .....q.x.......8
70A0:  0E E3 E0 10 00 01 80 71 13 14 07 3A 7A 7A 3A 1F  .......q...:zz:.
70B0:  1F 13 70 80 00 01 88 54 01 54 54 76 FC 33 BE 64  ..p....T.TTv.3.d
70C0:  B0 A0 80 00 01 88 F0 02 01 04 10 41 0D 0D 57 06  ...........A..W.
70D0:  11 02 05 0B 03 0B 01 06 54 01 54 54 76 FC 33 BE  ........T.TTv.3.
70E0:  64 B0 A0 81 1D F5 17 3E 65 B4 B8 C1 0D 8D 57 06  d......>e.....W.
70F0:  11 42 75 5B 73 F9 33 06 11 02 05 03 03 01 E0 54  .Bu[s.3........T
7100:  E0 40 20 DD 27 0D 57 BE 78 3C 3C 0E 0E 0E 0F 15  .@ .'.W.x<<.....
7110:  0F 1F 6F 4E 5C 9C 39 00 07 E0 54 E0 40 20 DC 22  ..oN\.9...T.@ ."
7120:  00 03 18 1C 1C 0E 0E 0E 0F 15 0F 1F 2F 4E 5C 9C  ............/N\.
7130:  18 00 03 80 F0 F8 F8 00 01 F8 F0 E0 80 00 07 07  ................
7140:  0F 0F 77 F1 37 47 0F 07 00 04 35 43 0F 87 F0 F8  ..w.7G....5C....
7150:  F8 00 01 F8 F0 E0 87 0F 0F 73 7D F8 F0 C0 07 0F  .........s}.....
7160:  0F 77 F1 37 47 0F 07 B0 D0 E8 F0 37 47 0F 07 00  .w.7G......7G...
7170:  02 58 B6 AD 8B 1C 44 0B 0F 77 F1 F8 F0 E0 80 10  .X....D..w......
7180:  18 10 4C 1A 46 57 A8 95 D0 F8 00 07 58 B6 AD 8B  ..L.FW......X...
7190:  1C 44 00 08 10 18 10 4C 1A 46 57 28 15 00 05 80  .D.....L.FW(....
71A0:  80 00 04 58 B6 AD 8B 1C 44 00 03 02 00 01 03 0C  ...X....D.......
71B0:  0F 00 01 1E 10 4E 1A 46 57 28 15 00 01 10 4E 9A  .....N.FW(....N.
71C0:  C6 57 28 15 00 01 58 B6 AD 8B 0C 52 28 1E 58 B2  .W(...X....R(.X.
71D0:  90 A3 4C 8F 00 01 1E 10 4E 1A 46 57 28 15 00 01  ..L.....N.FW(...
71E0:  98 56 03 55 54 76 FC 33 BE 66 B4 BB AC 4F 88 FE  .V.UTv.3.f...O..
71F0:  5A B7 AC 90 41 0D 0D 57 06 11 82 85 0B 03 0B 01  Z...A..W........
7200:  88 54 01 54 54 76 FC 33 BE 64 B0 A0 80 00 01 88  .T.TTv.3.d......
7210:  F0 02 01 04 10 41 0D 0D 57 06 11 02 05 0B 03 0B  .....A..W.......
7220:  01 08 71 BE 78 A5 10 C1 AE B9 F2 E9 38 0E E3 E0  ..q.x.......8...
7230:  10 00 01 80 71 13 14 07 3A 7A 7A 3A 1F 1F 13 70  ....q...:zz:...p
7240:  80 00 01 08 71 BF 7B A5 10 C1 AE B9 F2 E9 38 0E  ....q.{.......8.
7250:  E7 EA 1A 38 C0 79 13 14 07 3A 7A 7A 3A 9F 5F 93  ...8.y...:zz:._.
7260:  70 C0 2E 7A 3A D5 07 03 A0 08 02 86 CC FD 7B 34  p..z:.........{4
7270:  1F 21 68 B9 F0 EA 34 60 00 02 14 14 1E BB 59 A3  .!h...4`......Y.
7280:  0C C1 AE 00 02 D0 04 02 A0 08 02 86 CC FC 78 30  ..............x0
7290:  1E 01 00 03 02 34 60 00 02 14 14 1E 0B 19 22 0C  .....4`.......".
72A0:  00 06 F0 54 56 D6 AC A0 00 0A 15 45 05 02 42 88  ...TV......E..B.
72B0:  70 00 05 42 88 60 00 01 F0 54 56 D6 AC A0 00 02  p..B.`...TV.....
72C0:  15 45 01 04 B6 A8 00 02 15 45 05 02 42 88 70 00  .E.......E..B.p.
72D0:  01 F0 44 56 D2 03 44 41 40 80 00 01 44 54 54 54  ..DV..DA@...DTTT
72E0:  14 80 40 41 46 87 F5 24 05 02 01 01 14 05 04 14  ..@AF..$........
72F0:  01 01 02 C5 34 AA 00 01 40 40 40 80 00 01 44 54  ....4...@@@...DT
7300:  54 54 14 80 40 40 40 80 05 04 05 02 01 01 14 05  TT..@@@.........
7310:  04 14 01 01 02 05 04 02 FF FF FF FF FF FF FF FF  ................
7320:  FF FF FF FF FF FF FF FF FF FF FF FF FF FF FF FF  ................
7330:  FF FF FF FF FF FF FF FF 00 E9 6F 6F 00 01 6F 6F  ..........oo..oo
7340:  00 2C 30 70 00 06 1C 3E 63 41 00 03 41 63 3E 1C  .,0p...>cA..Ac>.
7350:  00 1C 10 10 10 10 10 00 04 60 60 00 0C 3E 7F 7F  .........``..>..
7360:  41 7F 7F 3E 00 02 02 7F 7F 7F 00 03 72 7B 7B 59  A..>........r{{Y
7370:  5F 5F 4E 00 01 22 6B 6B 49 7F 7F 36 00 01 30 38  __N.."kkI..6..08
7380:  3C 22 7F 7F 7F 00 01 6F 6F 6F 49 79 79 31 00 01  <".....oooIyy1..
7390:  3E 7F 7F 49 7B 7B 32 00 01 01 01 61 79 7F 1F 07  >..I{{2....ay...
73A0:  00 01 36 7F 7F 49 7F 7F 36 00 01 26 6F 6F 49 7F  ..6..I..6..&ooI.
73B0:  7F 3E 00 1A 14 14 14 14 14 00 12 3E 41 5D 55 55  .>.........>A]UU
73C0:  41 3E 00 01 7E 7F 11 11 11 7F 7E 00 01 7F 7F 49  A>..~.....~....I
73D0:  49 49 7F 36 00 01 3E 7F 41 41 41 63 22 00 01 7F  II.6..>.AAAc"...
73E0:  7F 41 41 41 7F 3E 00 01 7F 7F 49 49 49 49 41 00  .AAA.>....IIIIA.
73F0:  01 7F 7F 09 09 09 09 01 00 01 3E 7F 41 49 49 7B  ..........>.AII{
7400:  3A 00 01 7F 7F 08 08 08 7F 7F 00 03 7F 7F 00 05  :...............
7410:  40 41 7F 3F 00 03 7F 7F 08 1C 32 61 40 00 01 7F  @A.?......2a@...
7420:  7F 40 40 40 40 40 00 01 7F 7F 06 0C 06 7F 7F 00  .@@@@@..........
7430:  01 7F 7F 04 08 10 7F 7F 00 01 3E 7F 41 41 41 7F  ..........>.AAA.
7440:  3E 00 01 7F 7F 11 11 11 1F 0E 00 01 3E 7F 41 51  >...........>.AQ
7450:  71 7F 3E 00 01 7F 7F 09 09 09 7F 76 00 01 26 6F  q.>........v..&o
7460:  49 49 49 7B 32 00 02 01 01 7F 7F 01 01 00 01 3F  III{2..........?
7470:  7F 40 40 40 7F 3F 00 01 0F 1F 30 60 30 1F 0F 00  .@@@.?....0`0...
7480:  01 3F 7F 60 3E 60 7F 3F 00 01 63 36 1C 08 1C 36  .?.`>`.?..c6...6
7490:  63 00 01 0F 1F 70 70 1F 0F 00 02 61 71 55 49 55  c....pp....aqUIU
74A0:  47 43 00 0B 02 02 3E 02 02 00 01 3E 04 08 04 3E  GC....>....>...>
74B0:  00 13 FF FF FF FF FF FF FF FF FF FF FF FF FF FF  ................
74C0:  FF FF 00 28 FF FF FF FF FF FF FF FF FF FF FF FF  ...(............
74D0:  FF FF FF FF FF FF FF FF FF FF FF FF 00 18 FF FF  ................
74E0:  FF FF FF FF FF FF FF FF FF FF FF FF FF FF 00 08  ................
74F0:  FF FF FF FF FF FF FF FF FF FF FF FF FF FF FF FF  ................
7500:  FF FF FF FF FF FF FF FF FF FF FF FF FF FF FF FF  ................
7510:  FF FF FF FF FF FF FF FF FF FF FF FF FF FF FF FF  ................
7520:  FF FF FF FF FF FF FF FF FF FF FF FF FF FF FF FF  ................
7530:  FF FF FF FF FF FF FF FF FF FF FF FF FF FF FF FF  ................
7540:  00 18 FF FF FF FF FF FF FF FF 00 10 FF FF FF FF  ................
7550:  FF FF FF FF FF FF FF FF FF FF FF FF FF FF FF FF  ................
7560:  FF FF FF FF FF FF FF FF FF FF FF FF FF FF FF FF  ................
7570:  FF FF FF FF FF FF FF FF FF FF FF FF FF FF FF FF  ................
7580:  FF FF FF FF FF FF FF FF FF FF FF FF FF FF FF FF  ................
7590:  FF FF FF FF FF FF FF FF FF FF FF FF FF FF FF FF  ................
75A0:  FF FF FF FF FF FF FF FF FF FF FF FF FF FF FF FF  ................
75B0:  FF FF FF FF FF FF FF FF FF FF FF FF FF FF FF FF  ................
75C0:  FF FF FF FF FF FF FF FF FF FF FF FF FF FF FF FF  ................
75D0:  FF FF FF FF FF FF FF FF FF FF FF FF FF FF FF FF  ................
75E0:  FF FF FF FF FF FF FF FF FF FF FF FF FF FF FF FF  ................
75F0:  FF FF FF FF FF FF FF FF FF FF FF FF FF FF FF FF  ................
7600:  FF FF FF FF FF FF FF FF FF FF FF FF FF FF FF FF  ................
7610:  FF FF FF FF FF FF FF FF FF FF FF FF FF FF FF FF  ................
7620:  FF FF FF FF 00 08 FF FF FF FF FF FF FF FF FF FF  ................
7630:  FF FF FF FF FF FF 00 00 00 00 00 00 00 00 00 00  ................
7640:  00 00 00 16 80 80 C0 C0 C0 C0 E0 E0 E0 F0 FC FE  ................
7650:  7E 7F 7F 3F 1F FF FF FF FF FF FF 1F 07 03 00 04  ~..?............
7660:  80 F8 FF FF FF FF FF E7 E0 F0 F0 F0 00 03 F0 FF  ................
7670:  FF FF FF FF FF 0F 0F 07 07 03 03 00 02 F0 FF FF  ................
7680:  FF FF FF 7F 00 07 80 80 87 87 C3 C7 E3 E3 E0 E0  ................
7690:  F0 F0 F0 F0 F8 F8 F0 F0 F8 F8 F8 FC FC 7C 7E 7E  .............|~~
76A0:  3E 3E 3F 1F 1F 1F 03 01 01 01 00 08 80 80 00 02  >>?.............
76B0:  F8 F8 F8 FC FC FE 7E 7E 3E 3F 3F 1F 1F 1F 07 00  ......~~>??.....
76C0:  01 03 03 01 01 00 0C 80 80 C0 C0 C0 C0 E0 E0 00  ................
76D0:  06 80 80 0F 0F 0F 0F 0F 0F 07 01 00 02 E0 F0 FC  ................
76E0:  FF FF FF 00 07 E0 FC FF FF FF FF 3F 07 01 00 04  ...........?....
76F0:  C0 F0 FF FF FF FF FF 0F 00 07 F0 FF FF FF FF FF  ................
7700:  1F 00 06 80 80 80 C7 C7 C7 C7 E3 E3 E0 E0 70 70  ..............pp
7710:  70 70 78 7F 1F 07 03 00 12 80 E0 F0 F0 F0 F0 F0  ppx.............
7720:  30 00 08 7F FF FF FF FF FF F3 80 E0 F8 00 07 03  0...............
7730:  0F 9F FF FF FF FF FF FF 78 38 38 38 3C 1C 9C FC  ........x888<...
7740:  FC FF FF FF FF 3F 0F 0B 00 06 07 07 07 07 07 07  .....?..........
7750:  00 06 80 C0 E0 F0 F8 F8 F8 F8 38 18 00 04 FC FF  ..........8.....
7760:  FF FF FF 3F 1F 07 01 00 03 80 E0 F8 FE FF 1F 0F  ...?............
7770:  03 00 07 06 07 07 07 07 01 00 16 C0 E0 F0 F0 F0  ................
7780:  F0 F0 70 10 00 05 80 87 8F CF CF CF C7 43 00 03  ..p..........C..
7790:  80 C0 F0 FC FE FF FF 3F 0F 07 03 00 02 C0 F0 FC  .......?........
77A0:  FF FF FF 3F 0F 03 00 04 C0 F0 FE FF 7F 7F 07 07  ...?............
77B0:  00 09 80 E0 F0 F8 F8 00 06 80 C0 F8 FC FF FF FF  ................
77C0:  FF EF E1 00 03 C0 F0 FE FF FF FF 3F 0F 03 03 01  ...........?....
77D0:  81 C1 30 3C 3F 3F 3F 3F 3F 3F 3C 3C 1E 1E 1E 1F  ..0<??????<<....
77E0:  0F 0F 00 11 80 C0 E0 F8 F8 F8 F8 D8 E8 E8 E0 F0  ................
77F0:  F0 F0 F8 FE FF FF FF 7F 3F 1F 0F 0F 87 E3 F9 FF  ........?.......
7800:  FF FF FF 3F 0F 03 00 03 20 38 3F 3F 1F 1F 1F 07  ...?.... 8??....
7810:  03 00 01 78 38 1C 1C 0C 0C 9C FC FC F8 F8 F0 E0  ...x8...........
7820:  00 03 E0 F0 F0 F8 FC 7E 7F 3F 1F 0F 07 01 00 04  .......~.?......
7830:  E7 FF FF FF FF FE 7E 1C 00 06 F8 F8 87 87 83 83  ......~.........
7840:  81 80 80 C0 C0 C0 C0 C0 C0 E0 E1 E3 00 0D 80 C0  ................
7850:  E0 F8 F8 F8 F0 70 00 04 C0 F0 FC FF FF FF 3F 7F  .....p........?.
7860:  1F 07 01 00 02 F0 FC FF FF FF FF FF 07 00 01 80  ................
7870:  00 07 01 03 03 07 07 07 07 07 07 00 04 80 C0 E0  ................
7880:  E0 F0 F0 F8 F8 78 78 78 F8 0C 0E 0F 8F 87 87 C3  .....xxx........
7890:  C3 E1 E1 70 30 F8 FC FF FF FC FE FF FF EF C7 E3  ...p0...........
78A0:  E1 70 F0 F8 FF 7F 7F 7F 1F E3 E3 E3 F3 F1 F1 70  .p.............p
78B0:  70 70 70 70 38 38 38 38 18 E0 F0 F0 F0 F0 F0 F0  pppp8888........
78C0:  F0 F0 E0 20 00 05 0F 07 83 C1 E1 E1 E1 E1 F1 F0  ... ............
78D0:  F0 70 00 04 C0 E6 F7 FF FF FF FF 3F 1F 07 01 00  .p.........?....
78E0:  05 07 07 07 03 01 01 00 0A F8 F8 F8 F8 F0 00 08  ................
78F0:  80 E0 F8 FF FF 7F 1F 00 07 F0 FC FF FF FF 07 01  ................
7900:  00 07 1C 1F 1F 0F 0F 87 01 38 3C 3C 1C 1C 1C 1E  .........8<<....
7910:  1E 0E 0E 0F 0B 09 05 00 01 02 00 01 C0 F0 F0 F0  ................
7920:  F8 78 18 00 04 80 C0 F0 FC FF FF FF 7F 0F 01 00  .x..............
7930:  03 C0 F8 FE FF FF FF 3F 3F 0F 03 00 03 C0 F8 FF  .......??.......
7940:  FF FF FF 3F 0F 01 00 06 06 07 07 07 03 03 01 00  ...?............
7950:  04 FC FE 3E 0E 00 0C 07 00 0F 08 04 24 92 7E 7E  ...>........$.~~
7960:  3F 3F 1F 1F 1F 0F 0F 07 07 07 00 10 03 03 03 01  ??..............
7970:  01 01 00 28 80 80 F0 78 78 78 3C 3C 3E 1E 1E 1E  ...(...xxx<<>...
7980:  0F 0F 0F 0F 07 07 A8 B8 F8 F8 78 78 78 78 7C 3C  ..........xxxx|<
7990:  3C 3C 1E 1E 1E 1E 00 10 1E 1E 0E 0F 0F 0F 0F 07  <<..............
79A0:  07 07 07 07 03 03 03 03 00 10 03 03 03 01 01 01  ................
79B0:  01 01 00 58 00 00 00 00 00 00 00 00 00 00 00 00  ...X............
79C0:  00 00 00 00 00 00 00 00 00 00 00 00 00 00 00 00  ................
79D0:  00 00 00 00 00 00 00 00 00 00 00 00 00 00 00 00  ................
79E0:  00 00 00 00 00 00 00 00 00 00 00 00 00 00 00 00  ................
79F0:  00 00 00 00 00 00 00 00 00 00 00 00 00 00 00 00  ................
7A00:  00 00 00 00 00 00 00 00 00 00 00 00 00 00 00 00  ................
7A10:  00 00 00 00 00 00 00 00 00 00 00 00 00 00 00 00  ................
7A20:  00 00 00 00 00 00 00 00 00 00 00 00 00 00 00 00  ................
7A30:  00 00 00 00 00 00 00 00 00 00 00 00 00 00 00 00  ................
7A40:  00 00 00 00 00 00 00 00 00 00 00 00 00 00 00 00  ................
7A50:  00 00 00 00 00 00 00 00 00 00 00 00 00 00 00 00  ................
7A60:  00 00 00 00 00 00 00 00 00 00 00 00 00 00 00 00  ................
7A70:  00 00 00 00 00 00 00 00 00 00 00 00 00 00 00 00  ................
7A80:  00 00 00 00 00 00 00 00 00 00 00 00 00 00 00 00  ................
7A90:  00 00 00 00 00 00 00 00 00 00 00 00 00 00 00 00  ................
7AA0:  00 00 00 00 00 00 00 00 00 00 00 00 00 00 00 00  ................
7AB0:  00 00 00 00 00 00 00 00 00 00 00 00 00 00 00 00  ................
7AC0:  00 00 00 00 00 00 00 00 00 00 00 00 00 00 00 00  ................
7AD0:  00 00 00 00 00 00 00 00 00 00 00 00 00 00 00 00  ................
7AE0:  00 00 00 00 00 00 00 00 00 00 00 00 00 00 00 00  ................
7AF0:  00 00 00 00 00 00 00 00 00 00 00 00 00 00 00 00  ................
7B00:  00 00 00 00 00 00 00 00 00 00 00 00 00 00 00 00  ................
7B10:  00 00 00 00 00 00 00 00 00 00 00 00 00 00 00 00  ................
7B20:  00 00 00 00 00 00 00 00 00 00 00 00 00 00 00 00  ................
7B30:  00 00 00 00 00 00 00 00 00 00 00 00 00 00 00 00  ................
7B40:  00 00 00 00 00 00 00 00 00 00 00 00 00 00 00 00  ................
7B50:  00 00 00 00 00 00 00 00 00 00 00 00 00 00 00 00  ................
7B60:  00 00 00 00 00 00 00 00 00 00 00 00 00 00 00 00  ................
7B70:  00 00 00 00 00 00 00 00 00 00 00 00 00 00 00 00  ................
7B80:  00 00 00 00 00 00 00 00 00 00 00 00 00 00 00 00  ................
7B90:  00 00 00 00 00 00 00 00 00 00 00 00 00 00 00 00  ................
7BA0:  00 00 00 00 00 00 00 00 00 00 00 00 00 00 00 00  ................
7BB0:  00 00 00 00 00 00 00 00 00 00 00 00 00 00 00 00  ................
7BC0:  00 00 00 00 00 00 00 00 00 00 00 00 00 00 00 00  ................
7BD0:  00 00 00 00 00 00 00 00 00 00 00 00 00 00 00 00  ................
7BE0:  00 00 00 00 00 00 00 00 00 00 00 00 00 00 00 00  ................
7BF0:  00 00 00 00 00 00 00 00 00 00 00 00 00 00 00 00  ................
7C00:  00 00 00 00 00 00 00 00 00 00 00 00 00 00 00 00  ................
7C10:  00 00 00 00 00 00 00 00 00 00 00 00 00 00 00 00  ................
7C20:  00 00 00 00 00 00 00 00 00 00 00 00 00 00 00 00  ................
7C30:  00 00 00 00 00 00 00 00 00 00 00 00 00 00 00 00  ................
7C40:  00 00 00 00 00 00 00 00 00 00 00 00 00 00 00 00  ................
7C50:  00 00 00 00 00 00 00 00 00 00 00 00 00 00 00 00  ................
7C60:  00 00 00 00 00 00 00 00 00 00 00 00 00 00 00 00  ................
7C70:  00 00 00 00 00 00 00 00 00 00 00 00 00 00 00 00  ................
7C80:  00 00 00 00 00 00 00 00 00 00 00 00 00 00 00 00  ................
7C90:  00 00 00 00 00 00 00 00 00 00 00 00 00 00 00 00  ................
7CA0:  00 00 00 00 00 00 00 00 00 00 00 00 00 00 00 00  ................
7CB0:  00 00 00 00 00 00 00 00 00 00 00 00 00 00 00 00  ................
7CC0:  00 00 00 00 00 00 00 00 00 00 00 00 00 00 00 00  ................
7CD0:  00 00 00 00 00 00 00 00 00 00 00 00 00 00 00 00  ................
7CE0:  00 00 00 00 00 00 00 00 00 00 00 00 00 00 00 00  ................
7CF0:  00 00 00 00 00 00 00 00 00 00 00 00 00 00 00 00  ................
7D00:  00 00 00 00 00 00 00 00 00 00 00 00 00 00 00 00  ................
7D10:  00 00 00 00 00 00 00 00 00 00 00 00 00 00 00 00  ................
7D20:  00 00 00 00 00 00 00 00 00 00 00 00 00 00 00 00  ................
7D30:  00 00 00 00 00 00 00 00 00 00 00 00 00 00 00 00  ................
7D40:  00 00 00 00 00 00 00 00 00 00 00 00 00 00 00 00  ................
7D50:  00 00 00 00 00 00 00 00 00 00 00 00 00 00 00 00  ................
7D60:  00 00 00 00 00 00 00 00 00 00 00 00 00 00 00 00  ................
7D70:  00 00 00 00 00 00 00 00 00 00 00 00 00 00 00 00  ................
7D80:  00 00 00 00 00 00 00 00 00 00 00 00 00 00 00 00  ................
7D90:  00 00 00 00 00 00 00 00 00 00 00 00 00 00 00 00  ................
7DA0:  00 00 00 00 00 00 00 00 00 00 00 00 00 00 00 00  ................
7DB0:  00 00 00 00 00 00 00 00 00 00 00 00 00 00 00 00  ................
7DC0:  00 00 00 00 00 00 00 00 00 00 00 00 00 00 00 00  ................
7DD0:  00 00 00 00 00 00 00 00 00 00 00 00 00 00 00 00  ................
7DE0:  00 00 00 00 00 00 00 00 00 00 00 00 00 00 00 00  ................
7DF0:  00 00 00 00 00 00 00 00 00 00 00 00 00 00 00 00  ................
7E00:  00 00 00 00 00 00 00 00 00 00 00 00 00 00 00 00  ................
7E10:  00 00 00 00 00 00 00 00 00 00 00 00 00 00 00 00  ................
7E20:  00 00 00 00 00 00 00 00 00 00 00 00 00 00 00 00  ................
7E30:  00 00 00 00 00 00 00 00 00 00 00 00 00 00 00 00  ................
7E40:  00 00 00 00 00 00 00 00 00 00 00 00 00 00 00 00  ................
7E50:  00 00 00 00 00 00 00 00 00 00 00 00 00 00 00 00  ................
7E60:  00 00 00 00 00 00 00 00 00 00 00 00 00 00 00 00  ................
7E70:  00 00 00 00 00 00 00 00 00 00 00 00 00 00 00 00  ................
7E80:  00 00 00 00 00 00 00 00 00 00 00 00 00 00 00 00  ................
7E90:  00 00 00 00 00 00 00 00 00 00 00 00 00 00 00 00  ................
7EA0:  00 00 00 00 00 00 00 00 00 00 00 00 00 00 00 00  ................
7EB0:  00 00 00 00 00 00 00 00 00 00 00 00 00 00 00 00  ................
7EC0:  00 00 00 00 00 00 00 00 00 00 00 00 00 00 00 00  ................
7ED0:  00 00 00 00 00 00 00 00 00 00 00 00 00 00 00 00  ................
7EE0:  00 00 00 00 00 00 00 00 00 00 00 00 00 00 00 00  ................
7EF0:  00 00 00 00 00 00 00 00 00 00 00 00 00 00 00 00  ................
7F00:  00 00 00 00 00 00 00 00 00 00 00 00 00 00 00 00  ................
7F10:  00 00 00 00 00 00 00 00 00 00 00 00 00 00 00 00  ................
7F20:  00 00 00 00 00 00 00 00 00 00 00 00 00 00 00 00  ................
7F30:  00 00 00 00 00 00 00 00 00 00 00 00 00 00 00 00  ................
7F40:  00 00 00 00 00 00 00 00 00 00 00 00 00 00 00 00  ................
7F50:  00 00 00 00 00 00 00 00 00 00 00 00 00 00 00 00  ................
7F60:  00 00 00 00 00 00 00 00 00 00 00 00 00 00 00 00  ................
7F70:  00 00 00 00 00 00 00 00 00 00 00 00 00 00 00 00  ................
7F80:  00 00 00 00 00 00 00 00 00 00 00 00 00 00 00 00  ................
7F90:  00 00 00 00 00 00 00 00 00 00 00 00 00 00 00 00  ................
7FA0:  00 00 00 00 00 00 00 00 00 00 00 00 00 00 00 00  ................
7FB0:  00 00 00 00 00 00 00 00 00 00 00 00 00 00 00 00  ................
7FC0:  00 00 00 00 00 00 00 00 00 00 00 00 00 00 00 00  ................
7FD0:  00 00 00 00 00 00 00 00 00 00 00 00 00 00 00 00  ................
7FE0:  00 00 00 00 00 00 00 00 00 00 00 00 00 00 00 00  ................
7FF0:  00 00 00 00 00 00 00 00 00 00 00 00 00 00 00 00  ................
8000:  00 00 00 00 00 00 00 00 00 00 00 00 00 00 00 00  ................
8010:  00 00 00 00 00 00 00 00 00 00 00 00 00 00 00 00  ................
8020:  00 00 00 00 00 00 00 00 00 00 00 00 00 00 00 00  ................
8030:  00 00 00 00 00 00 00 00 00 00 00 00 00 00 00 00  ................
8040:  00 00 00 00 00 00 00 00 00 00 00 00 00 00 00 00  ................
8050:  00 00 00 00 00 00 00 00 00 00 00 00 00 00 00 00  ................
8060:  00 00 00 00 00 00 00 00 00 00 00 00 00 00 00 00  ................
8070:  00 00 00 00 00 00 00 00 00 00 00 00 00 00 00 00  ................
8080:  00 00 00 00 00 00 00 00 00 00 00 00 00 00 00 00  ................
8090:  00 00 00 00 00 00 00 00 00 00 00 00 00 00 00 00  ................
80A0:  00 00 00 00 00 00 00 00 00 00 00 00 00 00 00 00  ................
80B0:  00 00 00 00 00 00 00 00 00 00 00 00 00 00 00 00  ................
80C0:  00 00 00 00 00 00 00 00 00 00 00 00 00 00 00 00  ................
80D0:  00 00 00 00 00 00 00 00 00 00 00 00 00 00 00 00  ................
80E0:  00 00 00 00 00 00 00 00 00 00 00 00 00 00 00 00  ................
80F0:  00 00 00 00 00 00 00 00 00 00 00 00 00 00 00 00  ................
8100:  00 00 00 00 00 00 00 00 00 00 00 00 00 00 00 00  ................
8110:  00 00 00 00 00 00 00 00 00 00 00 00 00 00 00 00  ................
8120:  00 00 00 00 00 00 00 00 00 00 00 00 00 00 00 00  ................
8130:  00 00 00 00 00 00 00 00 00 00 00 00 00 00 00 00  ................
8140:  00 00 00 00 00 00 00 00 00 00 00 00 00 00 00 00  ................
8150:  00 00 00 00 00 00 00 00 00 00 00 00 00 00 00 00  ................
8160:  00 00 00 00 00 00 00 00 00 00 00 00 00 00 00 00  ................
8170:  00 00 00 00 00 00 00 00 00 00 00 00 00 00 00 00  ................
8180:  00 00 00 00 00 00 00 00 00 00 00 00 00 00 00 00  ................
8190:  00 00 00 00 00 00 00 00 00 00 00 00 00 00 00 00  ................
81A0:  00 00 00 00 00 00 00 00 00 00 00 00 00 00 00 00  ................
81B0:  00 00 00 00 00 00 00 00 00 00 00 00 00 00 00 00  ................
81C0:  00 00 00 00 00 00 00 00 00 00 00 00 00 00 00 00  ................
81D0:  00 00 00 00 00 00 00 00 00 00 00 00 00 00 00 00  ................
81E0:  00 00 00 00 00 00 00 00 00 00 00 00 00 00 00 00  ................
81F0:  00 00 00 00 00 00 00 00 00 00 00 00 00 00 00 00  ................
8200:  00 00 00 00 00 00 00 00 00 00 00 00 00 00 00 00  ................
8210:  00 00 00 00 00 00 00 00 00 00 00 00 00 00 00 00  ................
8220:  00 00 00 00 00 00 00 00 00 00 00 00 00 00 00 00  ................
8230:  00 00 00 00 00 00 00 00 00 00 00 00 00 00 00 00  ................
8240:  00 00 00 00 00 00 00 00 00 00 80 E0 F8 7C 1E 06  .............|..
8250:  06 1E 7C F8 E0 80 00 00 00 7E 7F 07 07 06 06 06  ..|......~......
8260:  06 06 06 07 07 7F 7E 00 00 F0 F8 FC FE 06 06 06  ......~.........
8270:  06 06 06 06 06 18 18 00 00 1F 3F 7F 7F 60 60 60  ..........?..```
8280:  60 60 60 60 60 18 18 00 00 FE FE FE 86 86 86 86  `````...........
8290:  86 86 86 86 06 06 06 00 00 7F 7F 7F 61 61 61 61  ............aaaa
82A0:  61 61 61 61 60 60 60 00 00 FE FE FE 3E 3E F0 F0  aaaa```.....>>..
82B0:  F0 F0 3E 3E FE FE FE 00 00 7F 7F 7F 00 00 07 07  ..>>............
82C0:  07 07 00 00 7F 7F 7F 00 00 F8 F8 FE FE 06 06 06  ................
82D0:  06 06 06 06 06 F8 F8 00 00 1F 1F 7F 7F 60 60 60  .............```
82E0:  60 60 60 60 60 1F 1F 00 00 FE FE FE C6 C6 C6 C6  `````...........
82F0:  C6 C6 C6 C6 38 38 38 00 00 7F 7F 7F 01 01 01 01  ....888.........
8300:  01 01 01 01 7E 7E 7E 00 00 78 FC FE CE C6 C6 C6  ....~~~..x......
8310:  C6 C6 86 86 0C 18 18 00 00 18 38 60 60 60 60 61  ..........8````a
8320:  61 63 63 77 7F 3E 1C 00 00 0E 0E 0E 0E 0E FE FE  accw.>..........
8330:  FE FE 0E 0E 0E 0E 0E 00 00 00 00 00 00 00 7F 7F  ................
8340:  7F 7F 00 00 00 00 00 00 00 06 0E 1C 38 70 E0 C0  ............8p..
8350:  C0 E0 70 38 1C 0E 06 00 00 00 00 00 00 00 00 7F  ..p8............
8360:  7F 00 00 00 00 00 00 00 00 00 00 00 00 00 00 80  ................
8370:  C0 E0 F0 F8 7C 3C 1C 00 00 00 00 70 70 76 37 07  ....|<.....ppv7.
8380:  07 03 01 00 00 00 00 00 FF FF FF FF FF FF FF FF  ................
8390:  00 00 00 00 00 00 00 00 00 00 00 00 00 00 00 00  ................
83A0:  00 00 00 00 00 00 00 00 00 00 00 00 00 00 00 00  ................
83B0:  00 00 00 00 00 00 00 00 00 00 00 00 00 00 00 00  ................
83C0:  00 00 00 00 00 00 00 00 00 00 00 00 00 00 00 00  ................
83D0:  00 00 00 00 00 00 00 00 00 00 00 00 00 00 00 00  ................
83E0:  00 00 00 00 00 00 00 00 00 00 00 00 00 00 00 00  ................
83F0:  00 00 00 00 00 00 00 00 00 00 00 00 00 00 00 00  ................
8400:  00 00 00 00 00 00 00 00 00 00 00 00 00 00 00 00  ................
8410:  00 00 00 00 00 00 00 00 00 00 00 00 00 00 00 00  ................
8420:  00 00 00 00 00 00 00 00 00 00 00 00 00 00 00 00  ................
8430:  00 00 00 00 00 00 00 00 00 00 00 00 00 00 00 00  ................
8440:  00 00 00 00 00 00 00 00 00 00 00 00 00 00 00 00  ................
8450:  00 00 00 00 00 00 00 00 00 00 00 00 00 00 00 00  ................
8460:  00 00 00 00 00 00 00 00 00 00 00 00 00 00 00 00  ................
8470:  00 00 00 00 00 00 00 00 00 00 00 00 00 00 00 00  ................
8480:  00 00 00 00 00 00 00 00 00 00 00 00 00 00 00 00  ................
8490:  00 00 00 00 00 00 00 00 00 00 00 00 00 00 00 00  ................
84A0:  00 00 00 00 00 00 00 00 00 00 00 00 00 00 00 00  ................
84B0:  00 00 00 00 00 00 00 00 00 00 00 00 00 00 00 00  ................
84C0:  00 00 00 00 00 00 00 00 00 00 00 00 00 00 00 00  ................
84D0:  00 00 00 00 00 00 00 00 00 00 00 00 00 00 00 00  ................
84E0:  00 00 00 00 00 00 00 00 00 00 00 00 00 00 00 00  ................
84F0:  00 00 00 00 00 00 00 00 00 00 00 00 00 00 00 00  ................
8500:  00 00 00 00 00 00 00 00 00 00 00 00 00 00 00 00  ................
8510:  00 00 00 00 00 00 00 00 00 00 00 00 00 00 00 00  ................
8520:  00 00 00 00 00 00 00 00 00 00 00 00 00 00 00 00  ................
8530:  00 00 00 00 00 00 00 00 00 00 00 00 00 00 00 00  ................
8540:  00 00 00 00 00 00 00 00 00 00 00 00 00 00 00 00  ................
8550:  00 00 00 00 00 00 00 00 00 00 00 00 00 00 00 00  ................
8560:  00 00 00 00 00 00 00 00 00 00 00 00 00 00 00 00  ................
8570:  00 00 00 00 00 00 00 00 00 00 00 00 00 00 00 00  ................
8580:  00 00 00 00 00 00 00 00 00 00 00 00 00 00 00 00  ................
8590:  00 00 00 00 00 00 00 00 00 00 00 00 00 00 00 00  ................
85A0:  00 00 00 00 00 00 00 00 00 00 00 00 00 00 00 00  ................
85B0:  00 00 00 00 00 00 00 00 00 00 00 00 00 00 00 00  ................
85C0:  00 00 00 00 00 00 00 00 00 00 00 00 00 00 00 00  ................
85D0:  00 00 00 00 00 00 00 00 00 00 00 00 00 00 00 00  ................
85E0:  00 00 00 00 00 00 00 00 00 00 00 00 00 00 00 00  ................
85F0:  00 00 00 00 00 00 00 00 00 00 00 00 00 00 00 00  ................
8600:  00 00 00 00 00 00 00 00 00 00 00 00 00 00 00 00  ................
8610:  00 00 00 00 00 00 00 00 00 00 00 00 00 00 00 00  ................
8620:  00 00 00 00 00 00 00 00 00 00 00 00 00 00 00 00  ................
8630:  00 00 00 00 00 00 00 00 00 00 00 00 00 00 00 00  ................
8640:  00 00 00 00 00 00 00 00 00 00 00 00 00 00 00 00  ................
8650:  00 00 00 00 00 00 00 00 00 00 00 00 00 00 00 00  ................
8660:  00 00 00 00 00 00 00 00 00 00 00 00 00 00 00 00  ................
8670:  00 00 00 00 00 00 00 00 00 00 00 00 00 00 00 00  ................
8680:  00 00 00 00 00 00 00 00 00 00 00 00 00 00 00 00  ................
8690:  00 00 00 00 00 00 00 00 00 00 00 00 00 00 00 00  ................
86A0:  00 00 00 00 00 00 00 00 00 00 00 00 00 00 00 00  ................
86B0:  00 00 00 00 00 00 00 00 00 00 00 00 00 00 00 00  ................
86C0:  00 00 00 00 00 00 00 00 00 00 00 00 00 00 00 00  ................
86D0:  00 00 00 00 00 00 00 00 00 00 00 00 00 00 00 00  ................
86E0:  00 00 00 00 00 00 00 00 00 00 00 00 00 00 00 00  ................
86F0:  00 00 00 00 00 00 00 00 00 00 00 00 00 00 00 00  ................
8700:  00 00 00 00 00 00 00 00 00 00 00 00 00 00 00 00  ................
8710:  00 00 00 00 00 00 00 00 00 00 00 00 00 00 00 00  ................
8720:  00 00 00 00 00 00 00 00 00 00 00 00 00 00 00 00  ................
8730:  00 00 00 00 00 00 00 00 00 00 00 00 00 00 00 00  ................
8740:  00 00 00 00 00 00 00 00 00 00 00 00 00 00 00 00  ................
8750:  00 00 00 00 00 00 00 00 00 00 00 00 00 00 00 00  ................
8760:  00 00 00 00 00 00 00 00 00 00 00 00 00 00 00 00  ................
8770:  00 00 00 00 00 00 00 00 00 00 00 00 00 00 00 00  ................
8780:  00 00 00 00 00 00 00 00 00 00 00 00 00 00 00 00  ................
8790:  00 00 00 00 00 00 00 00 00 00 00 00 00 00 00 00  ................
87A0:  00 00 00 00 00 00 00 00 00 00 00 00 00 00 00 00  ................
87B0:  00 00 00 00 00 00 00 00 00 00 00 00 00 00 00 00  ................
87C0:  00 00 00 00 00 00 00 00 00 00 00 00 00 00 00 00  ................
87D0:  00 00 00 00 00 00 00 00 00 00 00 00 00 00 00 00  ................
87E0:  00 00 00 00 00 00 00 00 00 00 00 00 00 00 00 00  ................
87F0:  00 00 00 00 00 00 00 00 00 00 00 00 00 00 00 00  ................
8800:  00 00 00 00 00 00 00 00 00 00 00 00 00 00 00 00  ................
8810:  00 00 00 00 00 00 00 00 00 00 00 00 00 00 00 00  ................
8820:  00 00 00 00 00 00 00 00 00 00 00 00 00 00 00 00  ................
8830:  00 00 00 00 00 00 00 00 00 00 00 00 00 00 00 00  ................
8840:  00 00 00 00 00 00 00 00 00 00 00 00 00 00 00 00  ................
8850:  00 00 00 00 00 00 00 00 00 00 00 00 00 00 00 00  ................
8860:  00 00 00 00 00 00 00 00 00 00 00 00 00 00 00 00  ................
8870:  00 00 00 00 00 00 00 00 00 00 00 00 00 00 00 00  ................
8880:  00 00 00 00 00 00 00 00 00 00 00 00 00 00 00 00  ................
8890:  00 00 00 00 00 00 00 00 00 00 00 00 00 00 00 00  ................
88A0:  00 00 00 00 00 00 00 00 00 00 00 00 00 00 00 00  ................
88B0:  00 00 00 00 00 00 00 00 00 00 00 00 00 00 00 00  ................
88C0:  00 00 00 00 00 00 00 00 00 00 00 00 00 00 00 00  ................
88D0:  00 00 00 00 00 00 00 00 00 00 00 00 00 00 00 00  ................
88E0:  00 00 00 00 00 00 00 00 00 00 00 00 00 00 00 00  ................
88F0:  00 00 00 00 00 00 00 00 00 00 00 00 00 00 00 00  ................
8900:  00 00 00 00 00 00 00 00 00 00 00 00 00 00 00 00  ................
8910:  00 00 00 00 00 00 00 00 00 00 00 00 00 00 00 00  ................
8920:  00 00 00 00 00 00 00 00 00 00 00 00 00 00 00 00  ................
8930:  00 00 00 00 00 00 00 00 00 00 00 00 00 00 00 00  ................
8940:  00 00 00 00 00 00 00 00 00 00 00 00 00 00 00 00  ................
8950:  00 00 00 00 00 00 00 00 00 00 00 00 00 00 00 00  ................
8960:  00 00 00 00 00 00 00 00 00 00 00 00 00 00 00 00  ................
8970:  00 00 00 00 00 00 00 00 00 00 00 00 00 00 00 00  ................
8980:  00 00 00 00 00 00 00 00 00 00 00 00 00 00 00 00  ................
8990:  00 00 00 00 00 00 00 00 00 00 00 00 00 00 00 00  ................
89A0:  00 00 00 00 00 00 00 00 00 00 00 00 00 00 00 00  ................
89B0:  00 00 00 00 00 00 00 00 00 00 00 00 00 00 00 00  ................
89C0:  00 00 00 00 00 00 00 00 00 00 00 00 00 00 00 00  ................
89D0:  00 00 00 00 00 00 00 00 00 00 00 00 00 00 00 00  ................
89E0:  00 00 00 00 00 00 00 00 00 00 00 00 00 00 00 00  ................
89F0:  00 00 00 00 00 00 00 00 00 00 00 00 00 00 00 00  ................
8A00:  00 00 00 00 00 00 00 00 00 00 00 00 00 00 00 00  ................
8A10:  00 00 00 00 00 00 00 00 00 00 00 00 00 00 00 00  ................
8A20:  00 00 00 00 00 00 00 00 00 00 00 00 00 00 00 00  ................
8A30:  00 00 00 00 00 00 00 00 00 00 00 00 00 00 00 00  ................
8A40:  00 00 00 00 00 00 00 00 00 00 00 00 00 00 00 00  ................
8A50:  00 00 00 00 00 00 00 00 00 00 00 00 00 00 00 00  ................
8A60:  00 00 00 00 00 00 00 00 00 00 00 00 00 00 00 00  ................
8A70:  00 00 00 00 00 00 00 00 00 00 00 00 00 00 00 00  ................
8A80:  00 00 00 00 00 00 00 00 00 00 00 00 00 00 00 00  ................
8A90:  00 00 00 00 00 00 00 00 00 00 00 00 00 00 00 00  ................
8AA0:  00 00 00 00 00 00 00 00 00 00 00 00 00 00 00 00  ................
8AB0:  00 00 00 00 00 00 00 00 00 00 00 00 00 00 00 00  ................
8AC0:  00 00 00 00 00 00 00 00 00 00 00 00 00 00 00 00  ................
8AD0:  00 00 00 00 00 00 00 00 00 00 00 00 00 00 00 00  ................
8AE0:  00 00 00 00 00 00 00 00 00 00 00 00 00 00 00 00  ................
8AF0:  00 00 00 00 00 00 00 00 00 00 00 00 00 00 00 00  ................
8B00:  00 00 00 00 00 00 00 00 00 00 00 00 00 00 00 00  ................
8B10:  00 00 00 00 00 00 00 00 00 00 00 00 00 00 00 00  ................
8B20:  00 00 00 00 00 00 00 00 00 00 00 00 00 00 00 00  ................
8B30:  00 00 00 00 00 00 00 00 00 00 00 00 00 00 00 00  ................
8B40:  00 00 00 00 00 00 00 00 00 00 00 00 00 00 00 00  ................
8B50:  00 00 00 00 00 00 00 00 00 00 00 00 00 00 00 00  ................
8B60:  00 00 00 00 00 00 00 00 00 00 00 00 00 00 00 00  ................
8B70:  00 00 00 00 00 00 00 00 00 00 00 00 00 00 00 00  ................
8B80:  00 00 00 00 00 00 00 00 00 00 00 00 00 00 00 00  ................
8B90:  00 00 00 00 00 00 00 00 00 00 00 00 00 00 00 00  ................
8BA0:  00 00 00 00 00 00 00 00 00 00 00 00 00 00 00 00  ................
8BB0:  00 00 00 00 00 00 00 00 00 00 00 00 00 00 00 00  ................
8BC0:  00 00 00 00 00 00 00 00 00 00 00 00 00 00 00 00  ................
8BD0:  00 00 00 00 00 00 00 00 00 00 00 00 00 00 00 00  ................
8BE0:  00 00 00 00 00 00 00 00 00 00 00 00 00 00 00 00  ................
8BF0:  00 00 00 00 00 00 00 00 00 00 00 00 00 00 00 00  ................
8C00:  00 00 00 00 00 00 00 00 00 00 00 00 00 00 00 00  ................
8C10:  00 00 00 00 00 00 00 00 00 00 00 00 00 00 00 00  ................
8C20:  00 00 00 00 00 00 00 00 00 00 00 00 00 00 00 00  ................
8C30:  00 00 00 00 00 00 00 00 00 00 00 00 00 00 00 00  ................
8C40:  00 00 00 00 00 00 00 00 00 00 00 00 00 00 00 00  ................
8C50:  00 00 00 00 00 00 00 00 00 00 00 00 00 00 00 00  ................
8C60:  00 00 00 00 00 00 00 00 00 00 00 00 00 00 00 00  ................
8C70:  00 00 00 00 00 00 00 00 00 00 00 00 00 00 00 00  ................
8C80:  00 00 00 00 00 00 00 00 00 00 00 00 00 00 00 00  ................
8C90:  00 00 00 00 00 00 00 00 00 00 00 00 00 00 00 00  ................
8CA0:  00 00 00 00 00 00 00 00 00 00 00 00 00 00 00 00  ................
8CB0:  00 00 00 00 00 00 00 00 00 00 00 00 00 00 00 00  ................
8CC0:  00 00 00 00 00 00 00 00 00 00 00 00 00 00 00 00  ................
8CD0:  00 00 00 00 00 00 00 00 00 00 00 00 00 00 00 00  ................
8CE0:  00 00 00 00 00 00 00 00 00 00 00 00 00 00 00 00  ................
8CF0:  00 00 00 00 00 00 00 00 00 00 00 00 00 00 00 00  ................
8D00:  00 00 00 00 00 00 00 00 00 00 00 00 00 00 00 00  ................
8D10:  00 00 00 00 00 00 00 00 00 00 00 00 00 00 00 00  ................
8D20:  00 00 00 00 00 00 00 00 00 00 00 00 00 00 00 00  ................
8D30:  00 00 00 00 00 00 00 00 00 00 00 00 00 00 00 00  ................
8D40:  00 00 00 00 00 00 00 00 00 00 00 00 00 00 00 00  ................
8D50:  00 00 00 00 00 00 00 00 00 00 00 00 00 00 00 00  ................
8D60:  00 00 00 00 00 00 00 00 00 00 00 00 00 00 00 00  ................
8D70:  00 00 00 00 00 00 00 00 00 00 00 00 00 00 00 00  ................
8D80:  00 00 00 00 00 00 00 00 00 00 00 00 00 00 00 00  ................
8D90:  00 00 00 00 00 00 00 00 00 00 00 00 00 00 00 00  ................
8DA0:  00 00 00 00 00 00 00 00 00 00 00 00 00 00 00 00  ................
8DB0:  00 00 00 00 00 00 00 00 00 00 00 00 00 00 00 00  ................
8DC0:  00 00 00 00 00 00 00 00 00 00 00 00 00 00 00 00  ................
8DD0:  00 00 00 00 00 00 00 00 00 00 00 00 00 00 00 00  ................
8DE0:  00 00 00 00 00 00 00 00 00 00 00 00 00 00 00 00  ................
8DF0:  00 00 00 00 00 00 00 00 00 00 00 00 00 00 00 00  ................
8E00:  00 00 00 00 00 00 00 00 00 00 00 00 00 00 00 00  ................
8E10:  00 00 00 00 00 00 00 00 00 00 00 00 00 00 00 00  ................
8E20:  00 00 00 00 00 00 00 00 00 00 00 00 00 00 00 00  ................
8E30:  00 00 00 00 00 00 00 00 00 00 00 00 00 00 00 00  ................
8E40:  00 00 00 00 00 00 00 00 00 00 00 00 00 00 00 00  ................
8E50:  00 00 00 00 00 00 00 00 00 00 00 00 00 00 00 00  ................
8E60:  00 00 00 00 00 00 00 00 00 00 00 00 00 00 00 00  ................
8E70:  00 00 00 00 00 00 00 00 00 00 00 00 00 00 00 00  ................
8E80:  00 00 00 00 00 00 00 00 00 00 00 00 00 00 00 00  ................
8E90:  00 00 00 00 00 00 00 00 00 00 00 00 00 00 00 00  ................
8EA0:  00 00 00 00 00 00 00 00 00 00 00 00 00 00 00 00  ................
8EB0:  00 00 00 00 00 00 00 00 00 00 00 00 00 00 00 00  ................
8EC0:  00 00 00 00 00 00 00 00 00 00 00 00 00 00 00 00  ................
8ED0:  00 00 00 00 00 00 00 00 00 00 00 00 00 00 00 00  ................
8EE0:  00 00 00 00 00 00 00 00 00 00 00 00 00 00 00 00  ................
8EF0:  00 00 00 00 00 00 00 00 00 00 00 00 00 00 00 00  ................
8F00:  00 00 00 00 00 00 00 00 00 00 00 00 00 00 00 00  ................
8F10:  00 00 00 00 00 00 00 00 00 00 00 00 00 00 00 00  ................
8F20:  00 00 00 00 00 00 00 00 00 00 00 00 00 00 00 00  ................
8F30:  00 00 00 00 00 00 00 00 00 00 00 00 00 00 00 00  ................
8F40:  00 00 00 00 00 00 00 00 00 00 00 00 00 00 00 00  ................
8F50:  00 00 00 00 00 00 00 00 00 00 00 00 00 00 00 00  ................
8F60:  00 00 00 00 00 00 00 00 00 00 00 00 00 00 00 00  ................
8F70:  00 00 00 00 00 00 00 00 00 00 00 00 00 00 00 00  ................
8F80:  00 00 00 00 00 00 00 00 00 00 00 00 00 00 00 00  ................
8F90:  00 00 00 00 00 00 00 00 00 00 00 00 00 00 00 00  ................
8FA0:  00 00 00 00 00 00 00 00 00 00 00 00 00 00 00 00  ................
8FB0:  00 00 00 00 00 00 00 00 00 00 00 00 00 00 00 00  ................
8FC0:  00 00 00 00 00 00 00 00 00 00 00 00 00 00 00 00  ................
8FD0:  00 00 00 00 00 00 00 00 00 00 00 00 00 00 00 00  ................
8FE0:  00 00 00 00 00 00 00 00 00 00 00 00 00 00 00 00  ................
8FF0:  00 00 00 00 00 00 00 00 00 00 00 00 00 00 00 00  ................
9000:  00 00 00 00 00 00 00 00 00 00 00 00 00 00 00 00  ................
9010:  00 00 00 00 00 00 00 00 00 00 00 00 00 00 00 00  ................
9020:  00 00 00 00 00 00 00 00 00 00 00 00 00 00 00 00  ................
9030:  00 00 00 00 00 00 00 00 00 00 00 00 00 00 00 00  ................
9040:  00 00 00 00 00 00 00 00 00 00 00 00 00 00 00 00  ................
9050:  00 00 00 00 00 00 00 00 00 00 00 00 00 00 00 00  ................
9060:  00 00 00 00 00 00 00 00 00 00 00 00 00 00 00 00  ................
9070:  00 00 00 00 00 00 00 00 00 00 00 00 00 00 00 00  ................
9080:  00 00 00 00 00 00 00 00 00 00 00 00 00 00 00 00  ................
9090:  00 00 00 00 00 00 00 00 00 00 00 00 00 00 00 00  ................
90A0:  00 00 00 00 00 00 00 00 00 00 00 00 00 00 00 00  ................
90B0:  00 00 00 00 00 00 00 00 00 00 00 00 00 00 00 00  ................
90C0:  00 00 00 00 00 00 00 00 00 00 00 00 00 00 00 00  ................
90D0:  00 00 00 00 00 00 00 00 00 00 00 00 00 00 00 00  ................
90E0:  00 00 00 00 00 00 00 00 00 00 00 00 00 00 00 00  ................
90F0:  00 00 00 00 00 00 00 00 00 00 00 00 00 00 00 00  ................
9100:  00 00 00 00 00 00 00 00 00 00 00 00 00 00 00 00  ................
9110:  00 00 00 00 00 00 00 00 00 00 00 00 00 00 00 00  ................
9120:  00 00 00 00 00 00 00 00 00 00 00 00 00 00 00 00  ................
9130:  00 00 00 00 00 00 00 00 00 00 00 00 00 00 00 00  ................
9140:  00 00 00 00 00 00 00 00 00 00 00 00 00 00 00 00  ................
9150:  00 00 00 00 00 00 00 00 00 00 00 00 00 00 00 00  ................
9160:  00 00 00 00 00 00 00 00 00 00 00 00 00 00 00 00  ................
9170:  00 00 00 00 00 00 00 00 00 00 00 00 00 00 00 00  ................
9180:  00 00 00 00 00 00 00 00 00 00 00 00 00 00 00 00  ................
9190:  00 00 00 00 00 00 00 00 00 00 00 00 00 00 00 00  ................
91A0:  00 00 00 00 00 00 00 00 00 00 00 00 00 00 00 00  ................
91B0:  00 00 00 00 00 00 00 00 00 00 00 00 00 00 00 00  ................
91C0:  00 00 00 00 00 00 00 00 00 00 00 00 00 00 00 00  ................
91D0:  00 00 00 00 00 00 00 00 00 00 00 00 00 00 00 00  ................
91E0:  00 00 00 00 00 00 00 00 00 00 00 00 00 00 00 00  ................
91F0:  00 00 00 00 00 00 00 00 00 00 00 00 00 00 00 00  ................
9200:  00 00 00 00 00 00 00 00 00 00 00 00 00 00 00 00  ................
9210:  00 00 00 00 00 00 00 00 00 00 00 00 00 00 00 00  ................
9220:  00 00 00 00 00 00 00 00 00 00 00 00 00 00 00 00  ................
9230:  00 00 00 00 00 00 00 00 00 00 00 00 00 00 00 00  ................
9240:  00 00 00 00 00 00 00 00 00 00 00 00 00 00 00 00  ................
9250:  00 00 00 00 00 00 00 00 00 00 00 00 00 00 00 00  ................
9260:  00 00 00 00 00 00 00 00 00 00 00 00 00 00 00 00  ................
9270:  00 00 00 00 00 00 00 00 00 00 00 00 00 00 00 00  ................
9280:  00 00 00 00 00 00 00 00 00 00 00 00 00 00 00 00  ................
9290:  00 00 00 00 00 00 00 00 00 00 00 00 00 00 00 00  ................
92A0:  00 00 00 00 00 00 00 00 00 00 00 00 00 00 00 00  ................
92B0:  00 00 00 00 00 00 00 00 00 00 00 00 00 00 00 00  ................
92C0:  00 00 00 00 00 00 00 00 00 00 00 00 00 00 00 00  ................
92D0:  00 00 00 00 00 00 00 00 00 00 00 00 00 00 00 00  ................
92E0:  00 00 00 00 00 00 00 00 00 00 00 00 00 00 00 00  ................
92F0:  00 00 00 00 00 00 00 00 00 00 00 00 00 00 00 00  ................
9300:  00 00 00 00 00 00 00 00 00 00 00 00 00 00 00 00  ................
9310:  00 00 00 00 00 00 00 00 00 00 00 00 00 00 00 00  ................
9320:  00 00 00 00 00 00 00 00 00 00 00 00 00 00 00 00  ................
9330:  00 00 00 00 00 00 00 00 00 00 00 00 00 00 00 00  ................
9340:  00 00 00 00 00 00 00 00 00 00 00 00 00 00 00 00  ................
9350:  00 00 00 00 00 00 00 00 00 00 00 00 00 00 00 00  ................
9360:  00 00 00 00 00 00 00 00 00 00 00 00 00 00 00 00  ................
9370:  00 00 00 00 00 00 00 00 00 00 00 00 00 00 00 00  ................
9380:  00 00 00 00 00 00 00 00 00 00 00 00 00 00 00 00  ................
9390:  00 00 00 00 00 00 00 00 00 00 00 00 00 00 00 00  ................
93A0:  00 00 00 00 00 00 00 00 00 00 00 00 00 00 00 00  ................
93B0:  00 00 00 00 00 00 00 00 00 00 00 00 00 00 00 00  ................
93C0:  00 00 00 00 00 00 00 00 00 00 00 00 00 00 00 00  ................
93D0:  00 00 00 00 00 00 00 00 00 00 00 00 00 00 00 00  ................
93E0:  00 00 00 00 00 00 00 00 00 00 00 00 00 00 00 00  ................
93F0:  00 00 00 00 00 00 00 00 00 00 00 00 00 00 00 00  ................
9400:  00 00 00 00 00 00 00 00 00 00 00 00 00 00 00 00  ................
9410:  00 00 00 00 00 00 00 00 00 00 00 00 00 00 00 00  ................
9420:  00 00 00 00 00 00 00 00 00 00 00 00 00 00 00 00  ................
9430:  00 00 00 00 00 00 00 00 00 00 00 00 00 00 00 00  ................
9440:  00 00 00 00 00 00 00 00 00 00 00 00 00 00 00 00  ................
9450:  00 00 00 00 00 00 00 00 00 00 00 00 00 00 00 00  ................
9460:  00 00 00 00 00 00 00 00 00 00 00 00 00 00 00 00  ................
9470:  00 00 00 00 00 00 00 00 00 00 00 00 00 00 00 00  ................
9480:  00 00 00 00 00 00 00 00 00 00 00 00 00 00 00 00  ................
9490:  00 00 00 00 00 00 00 00 00 00 00 00 00 00 00 00  ................
94A0:  00 00 00 00 00 00 00 00 00 00 00 00 00 00 00 00  ................
94B0:  00 00 00 00 00 00 00 00 00 00 00 00 00 00 00 00  ................
94C0:  00 00 00 00 00 00 00 00 00 00 00 00 00 00 00 00  ................
94D0:  00 00 00 00 00 00 00 00 00 00 00 00 00 00 00 00  ................
94E0:  00 00 00 00 00 00 00 00 00 00 00 00 00 00 00 00  ................
94F0:  00 00 00 00 00 00 00 00 00 00 00 00 00 00 00 00  ................
9500:  00 00 00 00 00 00 00 00 00 00 00 00 00 00 00 00  ................
9510:  00 00 00 00 00 00 00 00 00 00 00 00 00 00 00 00  ................
9520:  00 00 00 00 00 00 00 00 00 00 00 00 00 00 00 00  ................
9530:  00 00 00 00 00 00 00 00 00 00 00 00 00 00 00 00  ................
9540:  00 00 00 00 00 00 00 00 00 00 00 00 00 00 00 00  ................
9550:  00 00 00 00 00 00 00 00 00 00 00 00 00 00 00 00  ................
9560:  00 00 00 00 00 00 00 00 00 00 00 00 00 00 00 00  ................
9570:  00 00 00 00 00 00 00 00 00 00 00 00 00 00 00 00  ................
9580:  00 00 00 00 00 00 00 00 00 00 00 00 00 00 00 00  ................
9590:  00 00 00 00 00 00 00 00 00 00 00 00 00 00 00 00  ................
95A0:  00 00 00 00 00 00 00 00 00 00 00 00 00 00 00 00  ................
95B0:  00 00 00 00 00 00 00 00 00 00 00 00 00 00 00 00  ................
95C0:  00 00 00 00 00 00 00 00 00 00 00 00 00 00 00 00  ................
95D0:  00 00 00 00 00 00 00 00 00 00 00 00 00 00 00 00  ................
95E0:  00 00 00 00 00 00 00 00 00 00 00 00 00 00 00 00  ................
95F0:  00 00 00 00 00 00 00 00 00 00 00 00 00 00 00 00  ................
9600:  00 00 00 00 00 00 00 00 00 00 00 00 00 00 00 00  ................
9610:  00 00 00 00 00 00 00 00 00 00 00 00 00 00 00 00  ................
9620:  00 00 00 00 00 00 00 00 00 00 00 00 00 00 00 00  ................
9630:  00 00 00 00 00 00 00 00 00 00 00 00 00 00 00 00  ................
9640:  00 00 00 00 00 00 00 00 00 00 00 00 00 00 00 00  ................
9650:  00 00 00 00 00 00 00 00 00 00 00 00 00 00 00 00  ................
9660:  00 00 00 00 00 00 00 00 00 00 00 00 00 00 00 00  ................
9670:  00 00 00 00 00 00 00 00 00 00 00 00 00 00 00 00  ................
9680:  00 00 00 00 00 00 00 00 00 00 00 00 00 00 00 00  ................
9690:  00 00 00 00 00 00 00 00 00 00 00 00 00 00 00 00  ................
96A0:  00 00 00 00 00 00 00 00 00 00 00 00 00 00 00 00  ................
96B0:  00 00 00 00 00 00 00 00 00 00 00 00 00 00 00 00  ................
96C0:  00 00 00 00 00 00 00 00 00 00 00 00 00 00 00 00  ................
96D0:  00 00 00 00 00 00 00 00 00 00 00 00 00 00 00 00  ................
96E0:  00 00 00 00 00 00 00 00 00 00 00 00 00 00 00 00  ................
96F0:  00 00 00 00 00 00 00 00 00 00 00 00 00 00 00 00  ................
9700:  00 00 00 00 00 00 00 00 00 00 00 00 00 00 00 00  ................
9710:  00 00 00 00 00 00 00 00 00 00 00 00 00 00 00 00  ................
9720:  00 00 00 00 00 00 00 00 00 00 00 00 00 00 00 00  ................
9730:  00 00 00 00 00 00 00 00 00 00 00 00 00 00 00 00  ................
9740:  00 00 00 00 00 00 00 00 00 00 00 00 00 00 00 00  ................
9750:  00 00 00 00 00 00 00 00 00 00 00 00 00 00 00 00  ................
9760:  00 00 00 00 00 00 00 00 00 00 00 00 00 00 00 00  ................
9770:  00 00 00 00 00 00 00 00 00 00 00 00 00 00 00 00  ................
9780:  00 00 00 00 00 00 00 00 00 00 00 00 00 00 00 00  ................
9790:  00 00 00 00 00 00 00 00 00 00 00 00 00 00 00 00  ................
97A0:  00 00 00 00 00 00 00 00 00 00 00 00 00 00 00 00  ................
97B0:  00 00 00 00 00 00 00 00 00 00 00 00 00 00 00 00  ................
97C0:  00 00 00 00 00 00 00 00 00 00 00 00 00 00 00 00  ................
97D0:  00 00 00 00 00 00 00 00 00 00 00 00 00 00 00 00  ................
97E0:  00 00 00 00 00 00 00 00 00 00 00 00 00 00 00 00  ................
97F0:  00 00 00 00 00 00 00 00 00 00 00 00 00 00 00 00  ................
9800:  00 00 00 00 00 00 00 00 00 00 00 00 00 00 00 00  ................
9810:  00 00 00 00 00 00 00 00 00 00 00 00 00 00 00 00  ................
9820:  00 00 00 00 00 00 00 00 00 00 00 00 00 00 00 00  ................
9830:  00 00 00 00 00 00 00 00 00 00 00 00 00 00 00 00  ................
9840:  00 00 00 00 00 00 00 00 00 00 00 00 00 00 00 00  ................
9850:  00 00 00 00 00 00 00 00 00 00 00 00 00 00 00 00  ................
9860:  00 00 00 00 00 00 00 00 00 00 00 00 00 00 00 00  ................
9870:  00 00 00 00 00 00 00 00 00 00 00 00 00 00 00 00  ................
9880:  00 00 00 00 00 00 00 00 00 00 00 00 00 00 00 00  ................
9890:  00 00 00 00 00 00 00 00 00 00 00 00 00 00 00 00  ................
98A0:  00 00 00 00 00 00 00 00 00 00 00 00 00 00 00 00  ................
98B0:  00 00 00 00 00 00 00 00 00 00 00 00 00 00 00 00  ................
98C0:  00 00 00 00 00 00 00 00 00 00 00 00 00 00 00 00  ................
98D0:  00 00 00 00 00 00 00 00 00 00 00 00 00 00 00 00  ................
98E0:  00 00 00 00 00 00 00 00 00 00 00 00 00 00 00 00  ................
98F0:  00 00 00 00 00 00 00 00 00 00 00 00 00 00 00 00  ................
9900:  00 00 00 00 00 00 00 00 00 00 00 00 00 00 00 00  ................
9910:  00 00 00 00 00 00 00 00 00 00 00 00 00 00 00 00  ................
9920:  00 00 00 00 00 00 00 00 00 00 00 00 00 00 00 00  ................
9930:  00 00 00 00 00 00 00 00 00 00 00 00 00 00 00 00  ................
9940:  00 00 00 00 00 00 00 00 00 00 00 00 00 00 00 00  ................
9950:  00 00 00 00 00 00 00 00 00 00 00 00 00 00 00 00  ................
9960:  00 00 00 00 00 00 00 00 00 00 00 00 00 00 00 00  ................
9970:  00 00 00 00 00 00 00 00 00 00 00 00 00 00 00 00  ................
9980:  00 00 00 00 00 00 00 00 00 00 00 00 00 00 00 00  ................
9990:  00 00 00 00 00 00 00 00 00 00 00 00 00 00 00 00  ................
99A0:  00 00 00 00 00 00 00 00 00 00 00 00 00 00 00 00  ................
99B0:  00 00 00 00 00 00 00 00 00 00 00 00 00 00 00 00  ................
99C0:  00 00 00 00 00 00 00 00 00 00 00 00 00 00 00 00  ................
99D0:  00 00 00 00 00 00 00 00 00 00 00 00 00 00 00 00  ................
99E0:  00 00 00 00 00 00 00 00 00 00 00 00 00 00 00 00  ................
99F0:  00 00 00 00 00 00 00 00 00 00 00 00 00 00 00 00  ................
9A00:  00 00 00 00 00 00 00 00 00 00 00 00 00 00 00 00  ................
9A10:  00 00 00 00 00 00 00 00 00 00 00 00 00 00 00 00  ................
9A20:  00 00 00 00 00 00 00 00 00 00 00 00 00 00 00 00  ................
9A30:  00 00 00 00 00 00 00 00 00 00 00 00 00 00 00 00  ................
9A40:  00 00 00 00 00 00 00 00 00 00 00 00 00 00 00 00  ................
9A50:  00 00 00 00 00 00 00 00 00 00 00 00 00 00 00 00  ................
9A60:  00 00 00 00 00 00 00 00 00 00 00 00 00 00 00 00  ................
9A70:  00 00 00 00 00 00 00 00 00 00 00 00 00 00 00 00  ................
9A80:  00 00 00 00 00 00 00 00 00 00 00 00 00 00 00 00  ................
9A90:  00 00 00 00 00 00 00 00 00 00 00 00 00 00 00 00  ................
9AA0:  00 00 00 00 00 00 00 00 00 00 00 00 00 00 00 00  ................
9AB0:  00 00 00 00 00 00 00 00 00 00 00 00 00 00 00 00  ................
9AC0:  00 00 00 00 00 00 00 00 00 00 00 00 00 00 00 00  ................
9AD0:  00 00 00 00 00 00 00 00 00 00 00 00 00 00 00 00  ................
9AE0:  00 00 00 00 00 00 00 00 00 00 00 00 00 00 00 00  ................
9AF0:  00 00 00 00 00 00 00 00 00 00 00 00 00 00 00 00  ................
9B00:  00 00 00 00 00 00 00 00 00 00 00 00 00 00 00 00  ................
9B10:  00 00 00 00 00 00 00 00 00 00 00 00 00 00 00 00  ................
9B20:  00 00 00 00 00 00 00 00 00 00 00 00 00 00 00 00  ................
9B30:  00 00 00 00 00 00 00 00 00 00 00 00 00 00 00 00  ................
9B40:  00 00 00 00 00 00 00 00 00 00 00 00 00 00 00 00  ................
9B50:  00 00 00 00 00 00 00 00 00 00 00 00 00 00 00 00  ................
9B60:  00 00 00 00 00 00 00 00 00 00 00 00 00 00 00 00  ................
9B70:  00 00 00 00 00 00 00 00 00 00 00 00 00 00 00 00  ................
9B80:  00 00 00 00 00 00 00 00 00 00 00 00 00 00 00 00  ................
9B90:  00 00 00 00 00 00 00 00 00 00 00 00 00 00 00 00  ................
9BA0:  00 00 00 00 00 00 00 00 00 00 00 00 00 00 00 00  ................
9BB0:  00 00 00 00 00 00 00 00 00 00 00 00 00 00 00 00  ................
9BC0:  00 00 00 00 00 00 00 00 00 00 00 00 00 00 00 00  ................
9BD0:  00 00 00 00 00 00 00 00 00 00 00 00 00 00 00 00  ................
9BE0:  00 00 00 00 00 00 00 00 00 00 00 00 00 00 00 00  ................
9BF0:  00 00 00 00 00 00 00 00 00 00 00 00 00 00 00 00  ................
9C00:  00 00 00 00 00 00 00 00 00 00 00 00 00 00 00 00  ................
9C10:  00 00 00 00 00 00 00 00 00 00 00 00 00 00 00 00  ................
9C20:  00 00 00 00 00 00 00 00 00 00 00 00 00 00 00 00  ................
9C30:  00 00 00 00 00 00 00 00 00 00 00 00 00 00 00 00  ................
9C40:  00 00 00 00 00 00 00 00 00 00 00 00 00 00 00 00  ................
9C50:  00 00 00 00 00 00 00 00 00 00 00 00 00 00 00 00  ................
9C60:  00 00 00 00 00 00 00 00 00 00 00 00 00 00 00 00  ................
9C70:  00 00 00 00 00 00 00 00 00 00 00 00 00 00 00 00  ................
9C80:  00 00 00 00 00 00 00 00 00 00 00 00 00 00 00 00  ................
9C90:  00 00 00 00 00 00 00 00 00 00 00 00 00 00 00 00  ................
9CA0:  00 00 00 00 00 00 00 00 00 00 00 00 00 00 00 00  ................
9CB0:  00 00 00 00 00 00 00 00 00 00 00 00 00 00 00 00  ................
9CC0:  00 00 00 00 00 00 00 00 00 00 00 00 00 00 00 00  ................
9CD0:  00 00 00 00 00 00 00 00 00 00 00 00 00 00 00 00  ................
9CE0:  00 00 00 00 00 00 00 00 00 00 00 00 00 00 00 00  ................
9CF0:  00 00 00 00 00 00 00 00 00 00 00 00 00 00 00 00  ................
9D00:  00 00 00 00 00 00 00 00 00 00 00 00 00 00 00 00  ................
9D10:  00 00 00 00 00 00 00 00 00 00 00 00 00 00 00 00  ................
9D20:  00 00 00 00 00 00 00 00 00 00 00 00 00 00 00 00  ................
9D30:  00 00 00 00 00 00 00 00 00 00 00 00 00 00 00 00  ................
9D40:  00 00 00 00 00 00 00 00 00 00 00 00 00 00 00 00  ................
9D50:  00 00 00 00 00 00 00 00 00 00 00 00 00 00 00 00  ................
9D60:  00 00 00 00 00 00 00 00 00 00 00 00 00 00 00 00  ................
9D70:  00 00 00 00 00 00 00 00 00 00 00 00 00 00 00 00  ................
9D80:  00 00 00 00 00 00 00 00 00 00 00 00 00 00 00 00  ................
9D90:  00 00 00 00 00 00 00 00 00 00 00 00 00 00 00 00  ................
9DA0:  00 00 00 00 00 00 00 00 00 00 00 00 00 00 00 00  ................
9DB0:  00 00 00 00 00 00 00 00 00 00 00 00 00 00 00 00  ................
9DC0:  00 00 00 00 00 00 00 00 00 00 00 00 00 00 00 00  ................
9DD0:  00 00 00 00 00 00 00 00 00 00 00 00 00 00 00 00  ................
9DE0:  00 00 00 00 00 00 00 00 00 00 00 00 00 00 00 00  ................
9DF0:  00 00 00 00 00 00 00 00 00 00 00 00 00 00 00 00  ................
9E00:  00 00 00 00 00 00 00 00 00 00 00 00 00 00 00 00  ................
9E10:  00 00 00 00 00 00 00 00 00 00 00 00 00 00 00 00  ................
9E20:  00 00 00 00 00 00 00 00 00 00 00 00 00 00 00 00  ................
9E30:  00 00 00 00 00 00 00 00 00 00 00 00 00 00 00 00  ................
9E40:  00 00 00 00 00 00 00 00 00 00 00 00 00 00 00 00  ................
9E50:  00 00 00 00 00 00 00 00 00 00 00 00 00 00 00 00  ................
9E60:  00 00 00 00 00 00 00 00 00 00 00 00 00 00 00 00  ................
9E70:  00 00 00 00 00 00 00 00 00 00 00 00 00 00 00 00  ................
9E80:  00 00 00 00 00 00 00 00 00 00 00 00 00 00 00 00  ................
9E90:  00 00 00 00 00 00 00 00 00 00 00 00 00 00 00 00  ................
9EA0:  00 00 00 00 00 00 00 00 00 00 00 00 00 00 00 00  ................
9EB0:  00 00 00 00 00 00 00 00 00 00 00 00 00 00 00 00  ................
9EC0:  00 00 00 00 00 00 00 00 00 00 00 00 00 00 00 00  ................
9ED0:  00 00 00 00 00 00 00 00 00 00 00 00 00 00 00 00  ................
9EE0:  00 00 00 00 00 00 00 00 00 00 00 00 00 00 00 00  ................
9EF0:  00 00 00 00 00 00 00 00 00 00 00 00 00 00 00 00  ................
9F00:  00 00 00 00 00 00 00 00 00 00 00 00 00 00 00 00  ................
9F10:  00 00 00 00 00 00 00 00 00 00 00 00 00 00 00 00  ................
9F20:  00 00 00 00 00 00 00 00 00 00 00 00 00 00 00 00  ................
9F30:  00 00 00 00 00 00 00 00 00 00 00 00 00 00 00 00  ................
9F40:  00 00 00 00 00 00 00 00 00 00 00 00 00 00 00 00  ................
9F50:  00 00 00 00 00 00 00 00 00 00 00 00 00 00 00 00  ................
9F60:  00 00 00 00 00 00 00 00 00 00 00 00 00 00 00 00  ................
9F70:  00 00 00 00 00 00 00 00 00 00 00 00 00 00 00 00  ................
9F80:  00 00 00 00 00 00 00 00 00 00 00 00 00 00 00 00  ................
9F90:  00 00 00 00 00 00 00 00 00 00 00 00 00 00 00 00  ................
9FA0:  00 00 00 00 00 00 00 00 00 00 00 00 00 00 00 00  ................
9FB0:  00 00 00 00 00 00 00 00 00 00 00 00 00 00 00 00  ................
9FC0:  00 00 00 00 00 00 00 00 00 00 00 00 00 00 00 00  ................
9FD0:  00 00 00 00 00 00 00 00 00 00 00 00 00 00 00 00  ................
9FE0:  00 00 00 00 00 00 00 00 00 00 00 00 00 00 00 00  ................
9FF0:  00 00 00 00 00 00 00 00 00 00 00 00 00 00 00 00  ................
A000:  00 00 00 00 00 00 00 00 00 00 00 00 00 00 00 00  ................
A010:  00 00 00 00 00 00 00 00 00 00 00 00 00 00 00 00  ................
A020:  00 00 00 00 00 00 00 00 00 00 00 00 00 00 00 00  ................
A030:  00 00 00 00 00 00 00 00 00 00 00 00 00 00 00 00  ................
A040:  00 00 00 00 00 00 00 00 00 00 00 00 00 00 00 00  ................
A050:  00 00 00 00 00 00 00 00 00 00 00 00 00 00 00 00  ................
A060:  00 00 00 00 00 00 00 00 00 00 00 00 00 00 00 00  ................
A070:  00 00 00 00 00 00 00 00 00 00 00 00 00 00 00 00  ................
A080:  00 00 00 00 00 00 00 00 00 00 00 00 00 00 00 00  ................
A090:  00 00 00 00 00 00 00 00 00 00 00 00 00 00 00 00  ................
A0A0:  00 00 00 00 00 00 00 00 00 00 00 00 00 00 00 00  ................
A0B0:  00 00 00 00 00 00 00 00 00 00 00 00 00 00 00 00  ................
A0C0:  00 00 00 00 00 00 00 00 00 00 00 00 00 00 00 00  ................
A0D0:  00 00 00 00 00 00 00 00 00 00 00 00 00 00 00 00  ................
A0E0:  00 00 00 00 00 00 00 00 00 00 00 00 00 00 00 00  ................
A0F0:  00 00 00 00 00 00 00 00 00 00 00 00 00 00 00 00  ................
A100:  00 00 00 00 00 00 00 00 00 00 00 00 00 00 00 00  ................
A110:  00 00 00 00 00 00 00 00 00 00 00 00 00 00 00 00  ................
A120:  00 00 00 00 00 00 00 00 00 00 00 00 00 00 00 00  ................
A130:  00 00 00 00 00 00 00 00 00 00 00 00 00 00 00 00  ................
A140:  00 00 00 00 00 00 00 00 00 00 00 00 00 00 00 00  ................
A150:  00 00 00 00 00 00 00 00 00 00 00 00 00 00 00 00  ................
A160:  00 00 00 00 00 00 00 00 00 00 00 00 00 00 00 00  ................
A170:  00 00 00 00 00 00 00 00 00 00 00 00 00 00 00 00  ................
A180:  00 00 00 00 00 00 00 00 00 00 00 00 00 00 00 00  ................
A190:  00 00 00 00 00 00 00 00 00 00 00 00 00 00 00 00  ................
A1A0:  00 00 00 00 00 00 00 00 00 00 00 00 00 00 00 00  ................
A1B0:  00 00 00 00 00 00 00 00 00 00 00 00 00 00 00 00  ................
A1C0:  00 00 00 00 00 00 00 00 00 00 00 00 00 00 00 00  ................
A1D0:  00 00 00 00 00 00 00 00 00 00 00 00 00 00 00 00  ................
A1E0:  00 00 00 00 00 00 00 00 00 00 00 00 00 00 00 00  ................
A1F0:  00 00 00 00 00 00 00 00 00 00 00 00 00 00 00 00  ................
A200:  00 00 00 00 00 00 00 00 00 00 00 00 00 00 00 00  ................
A210:  00 00 00 00 00 00 00 00 00 00 00 00 00 00 00 00  ................
A220:  00 00 00 00 00 00 00 00 00 00 00 00 00 00 00 00  ................
A230:  00 00 00 00 00 00 00 00 00 00 00 00 00 00 00 00  ................
A240:  00 00 00 00 00 00 00 00 00 00 00 00 00 00 00 00  ................
A250:  00 00 00 00 00 00 00 00 00 00 00 00 00 00 00 00  ................
A260:  00 00 00 00 00 00 00 00 00 00 00 00 00 00 00 00  ................
A270:  00 00 00 00 00 00 00 00 00 00 00 00 00 00 00 00  ................
A280:  00 00 00 00 00 00 00 00 00 00 00 00 00 00 00 00  ................
A290:  00 00 00 00 00 00 00 00 00 00 00 00 00 00 00 00  ................
A2A0:  00 00 00 00 00 00 00 00 00 00 00 00 00 00 00 00  ................
A2B0:  00 00 00 00 00 00 00 00 00 00 00 00 00 00 00 00  ................
A2C0:  00 00 00 00 00 00 00 00 00 00 00 00 00 00 00 00  ................
A2D0:  00 00 00 00 00 00 00 00 00 00 00 00 00 00 00 00  ................
A2E0:  00 00 00 00 00 00 00 00 00 00 00 00 00 00 00 00  ................
A2F0:  00 00 00 00 00 00 00 00 00 00 00 00 00 00 00 00  ................
A300:  00 00 00 00 00 00 00 00 00 00 00 00 00 00 00 00  ................
A310:  00 00 00 00 00 00 00 00 00 00 00 00 00 00 00 00  ................
A320:  00 00 00 00 00 00 00 00 00 00 00 00 00 00 00 00  ................
A330:  00 00 00 00 00 00 00 00 00 00 00 00 00 00 00 00  ................
A340:  00 00 00 00 00 00 00 00 00 00 00 00 00 00 00 00  ................
A350:  00 00 00 00 00 00 00 00 00 00 00 00 00 00 00 00  ................
A360:  00 00 00 00 00 00 00 00 00 00 00 00 00 00 00 00  ................
A370:  00 00 00 00 00 00 00 00 00 00 00 00 00 00 00 00  ................
A380:  00 00 00 00 00 00 00 00 00 00 00 00 00 00 00 00  ................
A390:  00 00 80 E0 F8 7C 1E 06 06 1E 7C F8 E0 80 00 00  .....|....|.....
A3A0:  00 7E 7F 07 07 06 06 06 06 06 06 07 07 7F 7E 00  .~............~.
A3B0:  00 F0 F8 FC FE 06 06 06 06 06 06 06 06 18 18 00  ................
A3C0:  00 1F 3F 7F 7F 60 60 60 60 60 60 60 60 18 18 00  ..?..````````...
A3D0:  00 FE FE FE 86 86 86 86 86 86 86 86 06 06 06 00  ................
A3E0:  00 7F 7F 7F 61 61 61 61 61 61 61 61 60 60 60 00  ....aaaaaaaa```.
A3F0:  00 FE FE FE 3E 3E F0 F0 F0 F0 3E 3E FE FE FE 00  ....>>....>>....
A400:  00 7F 7F 7F 00 00 07 07 07 07 00 00 7F 7F 7F 00  ................
A410:  00 F8 F8 FE FE 06 06 06 06 06 06 06 06 F8 F8 00  ................
A420:  00 1F 1F 7F 7F 60 60 60 60 60 60 60 60 1F 1F 00  .....````````...
A430:  00 FE FE FE C6 C6 C6 C6 C6 C6 C6 C6 38 38 38 00  ............888.
A440:  00 7F 7F 7F 01 01 01 01 01 01 01 01 7E 7E 7E 00  ............~~~.
A450:  00 78 FC FE CE C6 C6 C6 C6 C6 86 86 0C 18 18 00  .x..............
A460:  00 18 38 60 60 60 60 61 61 63 63 77 7F 3E 1C 00  ..8````aaccw.>..
A470:  00 0E 0E 0E 0E 0E FE FE FE FE 0E 0E 0E 0E 0E 00  ................
A480:  00 00 00 00 00 00 7F 7F 7F 7F 00 00 00 00 00 00  ................
A490:  00 06 0E 1C 38 70 E0 C0 C0 E0 70 38 1C 0E 06 00  ....8p....p8....
A4A0:  00 00 00 00 00 00 00 7F 7F 00 00 00 00 00 00 00  ................
A4B0:  00 00 00 00 00 00 00 80 C0 E0 F0 F8 7C 3C 1C 00  ............|<..
A4C0:  00 00 00 70 70 76 37 07 07 03 01 00 00 00 00 00  ...ppv7.........
A4D0:  FF FF FF FF FF FF FF FF FF FF 0F 07 03 F3 F3 F3  ................
A4E0:  F3 F3 F3 03 07 0F FF FF FF FF F0 E0 C0 CF CF CF  ................
A4F0:  CF CF CF C0 E0 F0 FF FF FF FF FF FF FF E7 E7 03  ................
A500:  03 03 FF FF FF FF FF FF FF FF FF FF FF FF FF 80  ................
A510:  80 80 FF FF FF FF FF FF FF FF CF C7 C3 F3 F3 73  ...............s
A520:  73 73 03 07 8F FF FF FF FF 8F 87 83 91 98 9C 9E  ss..............
A530:  9E 9E 9E 9F 9F 9F FF FF FF FF CF C7 C3 F3 F3 73  ...............s
A540:  73 73 73 03 07 8F FF FF FF FF F3 E3 C3 CF CF CE  sss.............
A550:  CE CE CE C0 E0 F1 FF FF FF FF FF 7F 3F 1F 8F C3  ............?...
A560:  E3 73 7F 7F FF FF FF FF FF FF F0 F0 F0 F3 F3 F3  .s..............
A570:  F3 C0 C0 C0 F3 F3 FF FF FF FF 03 03 03 73 73 73  .............sss
A580:  73 73 73 73 F3 FF FF FF FF FF CE CE CE CE CE CE  ssss............
A590:  CE CE CE C0 E0 F1 FF FF FF FF 0F 07 03 73 73 73  .............sss
A5A0:  73 73 73 43 C7 CF FF FF FF FF F0 E0 C0 CE CE CE  sssC............
A5B0:  CE CE CE C0 E0 F1 FF FF FF FF F3 F3 F3 F3 F3 F3  ................
A5C0:  73 33 13 83 C3 E3 FF FF FF FF FF FF FF FF C7 C1  s3..............
A5D0:  C0 F8 FE FF FF FF FF FF FF FF 8F 07 03 73 73 73  .............sss
A5E0:  73 73 73 03 07 8F FF FF FF FF F1 E0 C0 CE CE CE  sss.............
A5F0:  CE CE CE C0 E0 F1 FF FF FF FF 8F 07 03 73 73 73  .............sss
A600:  73 73 73 03 07 0F FF FF FF FF F3 E3 C2 CE CE CE  sss.............
A610:  CE CE CE C0 E0 F0 FF FF 00 3C 52 4A 46 3C 00 00  .........<RJF<..
A620:  00 44 42 7E 40 40 00 00 00 44 62 52 4A 64 00 00  .DB~@@...DbRJd..
A630:  00 42 4A 4A 4A 34 00 00 00 0E 08 08 7E 08 00 00  .BJJJ4......~...
A640:  00 4E 4A 4A 4A 30 00 00 00 3C 4A 4A 4A 30 00 00  .NJJJ0...<JJJ0..
A650:  00 06 62 32 1A 06 00 00 00 34 4A 4A 4A 34 00 00  ..b2.....4JJJ4..
A660:  00 0C 52 52 52 3C 00 00 00 7C 7E 12 12 12 7C 00  ..RRR<...|~...|.
A670:  00 7E 7E 4A 4A 4A 34 00 00 3C 7E 42 42 42 24 00  .~~JJJ4..<~BBB$.
A680:  00 7E 7E 42 42 42 3C 00 00 7E 7E 4A 4A 4A 42 00  .~~BBB<..~~JJJB.
A690:  00 7E 7E 0A 0A 0A 02 00 00 3C 7E 42 52 52 34 00  .~~......<~BRR4.
A6A0:  00 7E 7E 08 08 08 7E 00 00 42 42 7E 7E 42 42 00  .~~...~..BB~~BB.
A6B0:  00 30 40 40 7E 7E 7E 00 00 7E 7E 08 18 24 42 00  .0@@~~~..~~..$B.
A6C0:  00 7E 7E 40 40 40 40 00 00 7E 7E 02 7C 02 7E 00  .~~@@@@..~~.|.~.
A6D0:  00 7E 7E 04 18 20 7E 00 00 3C 7E 42 42 42 3C 00  .~~.. ~..<~BBB<.
A6E0:  00 7E 7E 12 12 12 0C 00 00 3C 7E 42 62 3C 40 00  .~~......<~Bb<@.
A6F0:  00 7E 7E 0A 1A 2A 44 00 00 2C 4E 4A 4A 72 34 00  .~~..*D..,NJJr4.
A700:  00 02 02 7E 7E 02 02 00 00 3E 7E 40 40 40 3E 00  ...~~....>~@@@>.
A710:  00 1E 3E 20 40 20 1E 00 00 3E 7E 40 38 40 3E 00  ..> @ ...>~@8@>.
A720:  00 42 66 3C 18 24 42 00 00 06 0E 08 70 08 06 00  .Bf<.$B.....p...
A730:  00 C2 A2 92 8A 86 00 00 3C 42 99 A5 A5 81 42 3C  ........<B....B<
A740:  FF C3 AD B5 B9 C3 FF FF 00 00 00 00 00 00 00 00  ................
A750:  00 00 00 00 00 00 00 00 00 00 00 00 00 00 00 00  ................
A760:  00 00 00 00 00 00 00 00 00 00 00 00 00 00 00 00  ................
A770:  00 00 00 00 00 00 00 00 00 00 00 00 00 00 00 00  ................
A780:  00 00 00 00 00 00 00 00 00 00 00 00 00 00 00 00  ................
A790:  00 00 00 00 00 00 00 00 00 00 00 00 00 00 00 00  ................
A7A0:  00 00 00 00 00 00 00 00 00 00 00 00 00 00 00 00  ................
A7B0:  00 00 00 00 00 00 00 00 00 00 00 00 00 00 00 00  ................
A7C0:  00 00 00 00 00 00 00 00 00 00 00 00 00 00 00 00  ................
A7D0:  00 00 00 00 00 00 00 00 00 00 00 00 00 00 00 00  ................
A7E0:  00 00 00 00 00 00 00 00 00 00 00 00 00 00 00 00  ................
A7F0:  00 00 00 00 00 00 00 00 00 00 00 00 00 00 00 00  ................
A800:  00 00 00 00 00 00 00 00 00 00 00 00 00 00 00 00  ................
A810:  00 00 00 00 00 00 00 00 00 00 00 00 00 00 00 00  ................
A820:  00 00 00 00 00 00 00 00 00 00 00 00 00 00 00 00  ................
A830:  00 00 00 00 00 00 00 00 00 00 00 00 00 00 00 00  ................
A840:  00 00 00 00 00 00 00 00 00 00 00 00 00 00 00 00  ................
A850:  00 00 00 00 00 00 00 00 00 00 00 00 00 00 00 00  ................
A860:  00 00 00 00 00 00 00 00 00 00 00 00 00 00 00 00  ................
A870:  00 00 00 00 00 00 00 00 00 00 00 00 00 00 00 00  ................
A880:  00 00 00 00 00 00 00 00 00 00 00 00 00 00 00 00  ................
A890:  00 00 00 00 00 00 00 00 00 00 00 00 00 00 00 00  ................
A8A0:  00 00 00 00 00 00 00 00 00 00 00 00 00 00 00 00  ................
A8B0:  00 00 00 00 00 00 00 00 00 00 00 00 00 00 00 00  ................
A8C0:  00 00 00 00 00 00 00 00 00 00 00 00 00 00 00 00  ................
A8D0:  00 00 00 00 00 00 00 00 00 00 00 00 00 00 00 00  ................
A8E0:  00 00 00 00 00 00 00 00 00 00 00 00 00 00 00 00  ................
A8F0:  00 00 00 00 00 00 00 00 00 00 00 00 00 00 00 00  ................
A900:  00 00 00 00 00 00 00 00 00 00 00 00 00 00 00 00  ................
A910:  00 00 00 00 00 00 00 00 00 00 00 00 00 00 00 00  ................
A920:  00 00 00 00 00 00 00 00 00 00 00 00 00 00 00 00  ................
A930:  00 00 00 00 00 00 00 00 00 00 00 00 00 00 00 00  ................
A940:  00 00 00 00 00 00 00 00 00 00 00 00 00 00 00 00  ................
A950:  00 00 00 00 00 00 00 00 00 00 00 00 00 00 00 00  ................
A960:  00 00 00 00 00 00 00 00 00 00 00 00 00 00 00 00  ................
A970:  00 00 00 00 00 00 00 00 00 00 00 00 00 00 00 00  ................
A980:  00 00 00 00 00 00 00 00 00 00 00 00 00 00 00 00  ................
A990:  00 00 00 00 00 00 00 00 00 00 00 00 00 00 00 00  ................
A9A0:  00 00 00 00 00 00 00 00 00 00 00 00 00 00 00 00  ................
A9B0:  00 00 00 00 00 00 00 00 00 00 00 00 00 00 00 00  ................
A9C0:  00 00 00 00 00 00 00 00 00 00 00 00 00 00 00 00  ................
A9D0:  00 00 00 00 00 00 00 00 00 00 00 00 00 00 00 00  ................
A9E0:  00 00 00 00 00 00 00 00 00 00 00 00 00 00 00 00  ................
A9F0:  00 00 00 00 00 00 00 00 00 00 00 00 00 00 00 00  ................
AA00:  00 00 00 00 00 00 00 00 00 00 00 00 00 00 00 00  ................
AA10:  00 00 00 00 00 00 00 00 00 00 00 00 00 00 00 00  ................
AA20:  00 00 00 00 00 00 00 00 00 00 00 00 00 00 00 00  ................
AA30:  00 00 00 00 00 00 00 00 00 00 00 00 00 00 00 00  ................
AA40:  00 00 00 00 00 00 00 00 00 00 00 00 00 00 00 00  ................
AA50:  00 00 00 00 00 00 00 00 00 00 00 00 00 00 00 00  ................
AA60:  00 00 00 00 00 00 00 00 00 00 00 00 00 00 00 00  ................
AA70:  00 00 00 00 00 00 00 00 00 00 00 00 00 00 00 00  ................
AA80:  00 00 00 00 00 00 00 00 00 00 00 00 00 00 00 00  ................
AA90:  00 00 00 00 00 00 00 00 00 00 00 00 00 00 00 00  ................
AAA0:  00 00 00 00 00 00 00 00 00 00 00 00 00 00 00 00  ................
AAB0:  00 00 00 00 00 00 00 00 00 00 00 00 00 00 00 00  ................
AAC0:  00 00 00 00 00 00 00 00 00 00 00 00 00 00 00 00  ................
AAD0:  00 00 00 00 00 00 00 00 00 00 00 00 00 00 00 00  ................
AAE0:  00 00 00 00 00 00 00 00 00 00 00 00 00 00 00 00  ................
AAF0:  00 00 00 00 00 00 00 00 00 00 00 00 00 00 00 00  ................
AB00:  00 00 00 00 00 00 00 00 00 00 00 00 00 00 00 00  ................
AB10:  00 00 00 00 00 00 00 00 00 00 00 00 00 00 00 00  ................
AB20:  00 00 00 00 00 00 00 00 00 00 00 00 00 00 00 00  ................
AB30:  00 00 00 00 00 00 00 00 00 00 00 00 00 00 00 00  ................
AB40:  00 00 00 00 00 00 00 00 00 00 00 00 00 00 00 00  ................
AB50:  00 00 00 00 00 00 00 00 00 00 00 00 00 00 00 00  ................
AB60:  00 00 00 00 00 00 00 00 00 00 00 00 00 00 00 00  ................
AB70:  00 00 00 00 00 00 00 00 00 00 00 00 00 00 00 00  ................
AB80:  00 00 00 00 00 00 00 00 00 00 00 00 00 00 00 00  ................
AB90:  00 00 00 00 00 00 00 00 00 00 00 00 00 00 00 00  ................
ABA0:  00 00 00 00 00 00 00 00 00 00 00 00 00 00 00 00  ................
ABB0:  00 00 00 00 00 00 00 00 00 00 00 00 00 00 00 00  ................
ABC0:  00 00 00 00 00 00 00 00 00 00 00 00 00 00 00 00  ................
ABD0:  00 00 00 00 00 00 00 00 00 00 00 00 00 00 00 00  ................
ABE0:  00 00 00 00 00 00 00 00 00 00 00 00 00 00 00 00  ................
ABF0:  00 00 00 00 00 00 00 00 00 00 00 00 00 00 00 00  ................
AC00:  00 00 00 00 00 00 00 00 00 00 00 00 00 00 00 00  ................
AC10:  00 00 00 00 00 00 00 00 00 00 00 00 00 00 00 00  ................
AC20:  00 00 00 00 00 00 00 00 00 00 00 00 00 00 00 00  ................
AC30:  00 00 00 00 00 00 00 00 00 00 00 00 00 00 00 00  ................
AC40:  00 00 00 00 00 00 00 00 00 00 00 00 00 00 00 00  ................
AC50:  00 00 00 00 00 00 00 00 00 00 00 00 00 00 00 00  ................
AC60:  00 00 00 00 00 00 00 00 00 00 00 00 00 00 00 00  ................
AC70:  00 00 00 00 00 00 00 00 00 00 00 00 00 00 00 00  ................
AC80:  00 00 00 00 00 00 00 00 00 00 00 00 00 00 00 00  ................
AC90:  00 00 00 00 00 00 00 00 00 00 00 00 00 00 00 00  ................
ACA0:  00 00 00 00 00 00 00 00 00 00 00 00 00 00 00 00  ................
ACB0:  00 00 00 00 00 00 00 00 00 00 00 00 00 00 00 00  ................
ACC0:  00 00 00 00 00 00 00 00 00 00 00 00 00 00 00 00  ................
ACD0:  00 00 00 00 00 00 00 00 00 00 00 00 00 00 00 00  ................
ACE0:  00 00 00 00 00 00 00 00 00 00 00 00 00 00 00 00  ................
ACF0:  00 00 00 00 00 00 00 00 00 00 00 00 00 00 00 00  ................
AD00:  00 00 00 00 00 00 00 00 00 00 00 00 00 00 00 00  ................
AD10:  00 00 00 00 00 00 00 00 00 00 00 00 00 00 00 00  ................
AD20:  00 00 00 00 00 00 00 00 00 00 00 00 00 00 00 00  ................
AD30:  00 00 00 00 00 00 00 00 00 00 00 00 00 00 00 00  ................
AD40:  00 00 00 00 00 00 00 00 00 00 00 00 00 00 00 00  ................
AD50:  00 00 00 00 00 00 00 00 00 00 00 00 00 00 00 00  ................
AD60:  00 00 00 00 00 00 00 00 00 00 00 00 00 00 00 00  ................
AD70:  00 00 00 00 00 00 00 00 00 00 00 00 00 00 00 00  ................
AD80:  00 00 00 00 00 00 00 00 00 00 00 00 00 00 00 00  ................
AD90:  00 00 00 00 00 00 00 00 00 00 00 00 00 00 00 00  ................
ADA0:  00 00 00 00 00 00 00 00 00 00 00 00 00 00 00 00  ................
ADB0:  00 00 00 00 00 00 00 00 00 00 00 00 00 00 00 00  ................
ADC0:  00 00 00 00 00 00 00 00 00 00 00 00 00 00 00 00  ................
ADD0:  00 00 00 00 00 00 00 00 00 00 00 00 00 00 00 00  ................
ADE0:  00 00 00 00 00 00 00 00 00 00 00 00 00 00 00 00  ................
ADF0:  00 00 00 00 00 00 00 00 00 00 00 00 00 00 00 00  ................
AE00:  00 00 00 00 00 00 00 00 00 00 00 00 00 00 00 00  ................
AE10:  00 00 00 00 00 00 00 00 00 00 00 00 00 00 00 00  ................
AE20:  00 00 00 00 00 00 00 00 00 00 00 00 00 00 00 00  ................
AE30:  00 00 00 00 00 00 00 00 00 00 00 00 00 00 00 00  ................
AE40:  00 00 00 00 00 00 00 00 00 00 00 00 00 00 00 00  ................
AE50:  00 00 00 00 00 00 00 00 00 00 00 00 00 00 00 00  ................
AE60:  00 00 00 00 00 00 00 00 00 00 00 00 00 00 00 00  ................
AE70:  00 00 00 00 00 00 00 00 00 00 00 00 00 00 00 00  ................
AE80:  00 00 00 00 00 00 00 00 00 00 00 00 00 00 00 00  ................
AE90:  00 00 00 00 00 00 00 00 00 00 00 00 00 00 00 00  ................
AEA0:  00 00 00 00 00 00 00 00 00 00 00 00 00 00 00 00  ................
AEB0:  00 00 00 00 00 00 00 00 00 00 00 00 00 00 00 00  ................
AEC0:  00 00 00 00 00 00 00 00 00 00 00 00 00 00 00 00  ................
AED0:  00 00 00 00 00 00 00 00 00 00 00 00 00 00 00 00  ................
AEE0:  00 00 00 00 00 00 00 00 00 00 00 00 00 00 00 00  ................
AEF0:  00 00 00 00 00 00 00 00 00 00 00 00 00 00 00 00  ................
AF00:  00 00 00 00 00 00 00 00 00 00 00 00 00 00 00 00  ................
AF10:  00 00 00 00 00 00 00 00 00 00 00 00 00 00 00 00  ................
AF20:  00 00 00 00 00 00 00 00 00 00 00 00 00 00 00 00  ................
AF30:  00 00 00 00 00 00 00 00 00 00 00 00 00 00 00 00  ................
AF40:  00 00 00 00 00 00 00 00 00 00 00 00 00 00 00 00  ................
AF50:  00 00 00 00 00 00 00 00 00 00 00 00 00 00 00 00  ................
AF60:  00 00 00 00 00 00 00 00 00 00 00 00 00 00 00 00  ................
AF70:  00 00 00 00 00 00 00 00 00 00 00 00 00 00 00 00  ................
AF80:  00 00 00 00 00 00 00 00 00 00 00 00 00 00 00 00  ................
AF90:  00 00 00 00 00 00 00 00 00 00 00 00 00 00 00 00  ................
AFA0:  00 00 00 00 00 00 00 00 00 00 00 00 00 00 00 00  ................
AFB0:  00 00 00 00 00 00 00 00 00 00 00 00 00 00 00 00  ................
AFC0:  00 00 00 00 00 00 00 00 00 00 00 00 00 00 00 00  ................
AFD0:  00 00 00 00 00 00 00 00 00 00 00 00 00 00 00 00  ................
AFE0:  00 00 00 00 00 00 00 00 00 00 00 00 00 00 00 00  ................
AFF0:  00 00 00 00 00 00 00 00 00 00 00 00 00 00 00 00  ................
B000:  00 00 00 00 00 00 00 00 00 00 00 00 00 00 00 00  ................
B010:  00 00 00 00 00 00 00 00 00 00 00 00 00 00 00 00  ................
B020:  00 00 00 00 00 00 00 00 00 00 00 00 00 00 00 00  ................
B030:  00 00 00 00 00 00 00 00 00 00 00 00 00 00 00 00  ................
B040:  00 00 00 00 00 00 00 00 00 00 00 00 00 00 00 00  ................
B050:  00 00 00 00 00 00 00 00 00 00 00 00 00 00 00 00  ................
B060:  00 00 00 00 00 00 00 00 00 00 00 00 00 00 00 00  ................
B070:  00 00 00 00 00 00 00 00 00 00 00 00 00 00 00 00  ................
B080:  00 00 00 00 00 00 00 00 00 00 00 00 00 00 00 00  ................
B090:  00 00 00 00 00 00 00 00 00 00 00 00 00 00 00 00  ................
B0A0:  00 00 00 00 00 00 00 00 00 00 00 00 00 00 00 00  ................
B0B0:  00 00 00 00 00 00 00 00 00 00 00 00 00 00 00 00  ................
B0C0:  00 00 00 00 00 00 00 00 00 00 00 00 00 00 00 00  ................
B0D0:  00 00 00 00 00 00 00 00 00 00 00 00 00 00 00 00  ................
B0E0:  00 00 00 00 00 00 00 00 00 00 00 00 00 00 00 00  ................
B0F0:  00 00 00 00 00 00 00 00 00 00 00 00 00 00 00 00  ................
B100:  00 00 00 00 00 00 00 00 00 00 00 00 00 00 00 00  ................
B110:  00 00 00 00 00 00 00 00 00 00 00 00 00 00 00 00  ................
B120:  00 00 00 00 00 00 00 00 00 00 00 00 00 00 00 00  ................
B130:  00 00 00 00 00 00 00 00 00 00 00 00 00 00 00 00  ................
B140:  00 00 00 00 00 00 00 00 00 00 00 00 00 00 00 00  ................
B150:  00 00 00 00 00 00 00 00 00 00 00 00 00 00 00 00  ................
B160:  00 00 00 00 00 00 00 00 00 00 00 00 00 00 00 00  ................
B170:  00 00 00 00 00 00 00 00 00 00 00 00 00 00 00 00  ................
B180:  00 00 00 00 00 00 00 00 00 00 00 00 00 00 00 00  ................
B190:  00 00 00 00 00 00 00 00 00 00 00 00 00 00 00 00  ................
B1A0:  00 00 00 00 00 00 00 00 00 00 00 00 00 00 00 00  ................
B1B0:  00 00 00 00 00 00 00 00 00 00 00 00 00 00 00 00  ................
B1C0:  00 00 00 00 00 00 00 00 00 00 00 00 00 00 00 00  ................
B1D0:  00 00 00 00 00 00 00 00 00 00 00 00 00 00 00 00  ................
B1E0:  00 00 00 00 00 00 00 00 00 00 00 00 00 00 00 00  ................
B1F0:  00 00 00 00 00 00 00 00 00 00 00 00 00 00 00 00  ................
B200:  00 00 00 00 00 00 00 00 00 00 00 00 00 00 00 00  ................
B210:  00 00 00 00 00 00 00 00 00 00 00 00 00 00 00 00  ................
B220:  00 00 00 00 00 00 00 00 00 00 00 00 00 00 00 00  ................
B230:  00 00 00 00 00 00 00 00 00 00 00 00 00 00 00 00  ................
B240:  00 00 00 00 00 00 00 00 00 00 00 00 00 00 00 00  ................
B250:  00 00 00 00 00 00 00 00 00 00 00 00 00 00 00 00  ................
B260:  00 00 00 00 00 00 00 00 00 00 00 00 00 00 00 00  ................
B270:  00 00 00 00 00 00 00 00 00 00 00 00 00 00 00 00  ................
B280:  00 00 00 00 00 00 00 00 00 00 00 00 00 00 00 00  ................
B290:  00 00 00 00 00 00 00 00 00 00 00 00 00 00 00 00  ................
B2A0:  00 00 00 00 00 00 00 00 00 00 00 00 00 00 00 00  ................
B2B0:  00 00 00 00 00 00 00 00 00 00 00 00 00 00 00 00  ................
B2C0:  00 00 00 00 00 00 00 00 00 00 00 00 00 00 00 00  ................
B2D0:  00 00 00 00 00 00 00 00 00 00 00 00 00 00 00 00  ................
B2E0:  00 00 00 00 00 00 00 00 00 00 00 00 00 00 00 00  ................
B2F0:  00 00 00 00 00 00 00 00 00 00 00 00 00 00 00 00  ................
B300:  00 00 00 00 00 00 00 00 00 00 00 00 00 00 00 00  ................
B310:  00 00 00 00 00 00 00 00 00 00 00 00 00 00 00 00  ................
B320:  00 00 00 00 00 00 00 00 00 00 00 00 00 00 00 00  ................
B330:  00 00 00 00 00 00 00 00 00 00 00 00 00 00 00 00  ................
B340:  00 00 00 00 00 00 00 00 00 00 00 00 00 00 00 00  ................
B350:  00 00 00 00 00 00 00 00 00 00 00 00 00 00 00 00  ................
B360:  00 00 00 00 00 00 00 00 00 00 00 00 00 00 00 00  ................
B370:  00 00 00 00 00 00 00 00 00 00 00 00 00 00 00 00  ................
B380:  00 00 00 00 00 00 00 00 00 00 00 00 00 00 00 00  ................
B390:  00 00 00 00 00 00 00 00 00 00 00 00 00 00 00 00  ................
B3A0:  00 00 00 00 00 00 00 00 00 00 00 00 00 00 00 00  ................
B3B0:  00 00 00 00 00 00 00 00 00 00 00 00 00 00 00 00  ................
B3C0:  00 00 00 00 00 00 00 00 00 00 00 00 00 00 00 00  ................
B3D0:  00 00 00 00 00 00 00 00 00 00 00 00 00 00 00 00  ................
B3E0:  00 00 00 00 00 00 00 00 00 00 00 00 00 00 00 00  ................
B3F0:  00 00 00 00 00 00 00 00 00 00 00 00 00 00 00 00  ................
B400:  00 00 00 00 00 00 00 00 00 00 00 00 00 00 00 00  ................
B410:  00 00 00 00 00 00 00 00 00 00 00 00 00 00 00 00  ................
B420:  00 00 00 00 00 00 00 00 00 00 00 00 00 00 00 00  ................
B430:  00 00 00 00 00 00 00 00 00 00 00 00 00 00 00 00  ................
B440:  00 00 00 00 00 00 00 00 00 00 00 00 00 00 00 00  ................
B450:  00 00 00 00 00 00 00 00 00 00 00 00 00 00 00 00  ................
B460:  00 00 00 00 00 00 00 00 00 00 00 00 00 00 00 00  ................
B470:  00 00 00 00 00 00 00 00 00 00 00 00 00 00 00 00  ................
B480:  00 00 00 00 00 00 00 00 00 00 00 00 00 00 00 00  ................
B490:  00 00 00 00 00 00 00 00 00 00 00 00 00 00 00 00  ................
B4A0:  00 00 00 00 00 00 00 00 00 00 00 00 00 00 00 00  ................
B4B0:  00 00 00 00 00 00 00 00 00 00 00 00 00 00 00 00  ................
B4C0:  00 00 00 00 00 00 00 00 00 00 00 00 00 00 00 00  ................
B4D0:  00 00 00 00 00 00 00 00 00 00 00 00 00 00 00 00  ................
B4E0:  00 00 00 00 00 00 00 00 00 00 00 00 00 00 00 00  ................
B4F0:  00 00 00 00 00 00 00 00 00 00 00 00 00 00 00 00  ................
B500:  00 00 00 00 00 00 00 00 00 00 00 00 00 00 00 00  ................
B510:  00 00 00 00 00 00 00 00 00 00 00 00 00 00 00 00  ................
B520:  00 00 00 00 00 00 00 00 00 00 00 00 00 00 00 00  ................
B530:  00 00 00 00 00 00 00 00 00 00 00 00 00 00 00 00  ................
B540:  00 00 00 00 00 00 00 00 00 00 00 00 00 00 00 00  ................
B550:  00 00 00 00 00 00 00 00 00 00 00 00 00 00 00 00  ................
B560:  00 00 00 00 00 00 00 00 00 00 00 00 00 00 00 00  ................
B570:  00 00 00 00 00 00 00 00 00 00 00 00 00 00 00 00  ................
B580:  00 00 00 00 00 00 00 00 00 00 00 00 00 00 00 00  ................
B590:  00 00 00 00 00 00 00 00 00 00 00 00 00 00 00 00  ................
B5A0:  00 00 00 00 00 00 00 00 00 00 00 00 00 00 00 00  ................
B5B0:  00 00 00 00 00 00 00 00 00 00 00 00 00 00 00 00  ................
B5C0:  00 00 00 00 00 00 00 00 00 00 00 00 00 00 00 00  ................
B5D0:  00 00 00 00 00 00 00 00 00 00 00 00 00 00 00 00  ................
B5E0:  00 00 00 00 00 00 00 00 00 00 00 00 00 00 00 00  ................
B5F0:  00 00 00 00 00 00 00 00 00 00 00 00 00 00 00 00  ................
B600:  00 00 00 00 00 00 00 00 00 00 00 00 00 00 00 00  ................
B610:  00 00 00 00 00 00 00 00 00 00 00 00 00 00 00 00  ................
B620:  00 00 00 00 00 00 00 00 00 00 00 00 00 00 00 00  ................
B630:  00 00 00 00 00 00 00 00 00 00 00 00 00 00 00 00  ................
B640:  00 00 00 00 00 00 00 00 00 00 00 00 00 00 00 00  ................
B650:  00 00 00 00 00 00 00 00 00 00 00 00 00 00 00 00  ................
B660:  00 00 00 00 00 00 00 00 00 00 00 00 00 00 00 00  ................
B670:  00 00 00 00 00 00 00 00 00 00 00 00 00 00 00 00  ................
B680:  00 00 00 00 00 00 00 00 00 00 00 00 00 00 00 00  ................
B690:  00 00 00 00 00 00 00 00 00 00 00 00 00 00 00 00  ................
B6A0:  00 00 00 00 00 00 00 00 00 00 00 00 00 00 00 00  ................
B6B0:  00 00 00 00 00 00 00 00 00 00 00 00 00 00 00 00  ................
B6C0:  00 00 00 00 00 00 00 00 00 00 00 00 00 00 00 00  ................
B6D0:  00 00 00 00 00 00 00 00 00 00 00 00 00 00 00 00  ................
B6E0:  00 00 00 00 00 00 00 00 00 00 00 00 00 00 00 00  ................
B6F0:  00 00 00 00 00 00 00 00 00 00 00 00 00 00 00 00  ................
B700:  00 00 00 00 00 00 00 00 00 00 00 00 00 00 00 00  ................
B710:  00 00 00 00 00 00 00 00 00 00 00 00 00 00 00 00  ................
B720:  00 00 00 00 00 00 00 00 00 00 00 00 00 00 00 00  ................
B730:  00 00 00 00 00 00 00 00 00 00 00 00 00 00 00 00  ................
B740:  00 00 00 00 00 00 00 00 00 00 00 00 00 00 00 00  ................
B750:  00 00 00 00 00 00 00 00 00 00 00 00 00 00 00 00  ................
B760:  00 00 00 00 00 00 00 00 00 00 00 00 00 00 00 00  ................
B770:  00 00 00 00 00 00 00 00 00 00 00 00 00 00 00 00  ................
B780:  00 00 00 00 00 00 00 00 00 00 00 00 00 00 00 00  ................
B790:  00 00 00 00 00 00 00 00 00 00 00 00 00 00 00 00  ................
B7A0:  00 00 00 00 00 00 00 00 00 00 00 00 00 00 00 00  ................
B7B0:  00 00 00 00 00 00 00 00 00 00 00 00 00 00 00 00  ................
B7C0:  00 00 00 00 00 00 00 00 00 00 00 00 00 00 00 00  ................
B7D0:  00 00 00 00 00 00 00 00 00 00 00 00 00 00 00 00  ................
B7E0:  00 00 00 00 00 00 00 00 00 00 00 00 00 00 00 00  ................
B7F0:  00 00 00 00 00 00 00 00 00 00 00 00 00 00 00 00  ................
B800:  00 00 00 00 00 00 00 00 00 00 00 00 00 00 00 00  ................
B810:  00 00 00 00 00 00 00 00 00 00 00 00 00 00 00 00  ................
B820:  00 00 00 00 00 00 00 00 00 00 00 00 00 00 00 00  ................
B830:  00 00 00 00 00 00 00 00 00 00 00 00 00 00 00 00  ................
B840:  00 00 00 00 00 00 00 00 00 00 00 00 00 00 00 00  ................
B850:  00 00 00 00 00 00 00 00 00 00 00 00 00 00 00 00  ................
B860:  00 00 00 00 00 00 00 00 00 00 00 00 00 00 00 00  ................
B870:  00 00 00 00 00 00 00 00 00 00 00 00 00 00 00 00  ................
B880:  00 00 00 00 00 00 00 00 00 00 00 00 00 00 00 00  ................
B890:  00 00 00 00 00 00 00 00 00 00 00 00 00 00 00 00  ................
B8A0:  00 00 00 00 00 00 00 00 00 00 00 00 00 00 00 00  ................
B8B0:  00 00 00 00 00 00 00 00 00 00 00 00 00 00 00 00  ................
B8C0:  00 00 00 00 00 00 00 00 00 00 00 00 00 00 00 00  ................
B8D0:  00 00 00 00 00 00 00 00 00 00 00 00 00 00 00 00  ................
B8E0:  00 00 00 00 00 00 00 00 00 00 00 00 00 00 00 00  ................
B8F0:  00 00 00 00 00 00 00 00 00 00 00 00 00 00 00 00  ................
B900:  00 00 00 00 00 00 00 00 00 00 00 00 00 00 00 00  ................
B910:  00 00 00 00 00 00 00 00 00 00 00 00 00 00 00 00  ................
B920:  00 00 00 00 00 00 00 00 00 00 00 00 00 00 00 00  ................
B930:  00 00 00 00 00 00 00 00 00 00 00 00 00 00 00 00  ................
B940:  00 00 00 00 00 00 00 00 00 00 00 00 00 00 00 00  ................
B950:  00 00 00 00 00 00 00 00 00 00 00 00 00 00 00 00  ................
B960:  00 00 00 00 00 00 00 00 00 00 00 00 00 00 00 00  ................
B970:  00 00 00 00 00 00 00 00 00 00 00 00 00 00 00 00  ................
B980:  00 00 00 00 00 00 00 00 00 00 00 00 00 00 00 00  ................
B990:  00 00 00 00 00 00 00 00 00 00 00 00 00 00 00 00  ................
B9A0:  00 00 00 00 00 00 00 00 00 00 00 00 00 00 00 00  ................
B9B0:  00 00 00 00 00 00 00 00 00 00 00 00 00 00 00 00  ................
B9C0:  00 00 00 00 00 00 00 00 00 00 00 00 00 00 00 00  ................
B9D0:  00 00 00 00 00 00 00 00 00 00 00 00 00 00 00 00  ................
B9E0:  00 00 00 00 00 00 00 00 00 00 00 00 00 00 00 00  ................
B9F0:  00 00 00 00 00 00 00 00 00 00 00 00 00 00 00 00  ................
BA00:  00 00 00 00 00 00 00 00 00 00 00 00 00 00 00 00  ................
BA10:  00 00 00 00 00 00 00 00 00 00 00 00 00 00 00 00  ................
BA20:  00 00 00 00 00 00 00 00 00 00 00 00 00 00 00 00  ................
BA30:  00 00 00 00 00 00 00 00 00 00 00 00 00 00 00 00  ................
BA40:  00 00 00 00 00 00 00 00 00 00 00 00 00 00 00 00  ................
BA50:  00 00 00 00 00 00 00 00 00 00 00 00 00 00 00 00  ................
BA60:  00 00 00 00 00 00 00 00 00 00 00 00 00 00 00 00  ................
BA70:  00 00 00 00 00 00 00 00 00 00 00 00 00 00 00 00  ................
BA80:  00 00 00 00 00 00 00 00 00 00 00 00 00 00 00 00  ................
BA90:  00 00 00 00 00 00 00 00 00 00 00 00 00 00 00 00  ................
BAA0:  00 00 00 00 00 00 00 00 00 00 00 00 00 00 00 00  ................
BAB0:  00 00 00 00 00 00 00 00 00 00 00 00 00 00 00 00  ................
BAC0:  00 00 00 00 00 00 00 00 00 00 00 00 00 00 00 00  ................
BAD0:  00 00 00 00 00 00 00 00 00 00 00 00 00 00 00 00  ................
BAE0:  00 00 00 00 00 00 00 00 00 00 00 00 00 00 00 00  ................
BAF0:  00 00 00 00 00 00 00 00 00 00 00 00 00 00 00 00  ................
BB00:  00 00 00 00 00 00 00 00 00 00 00 00 00 00 00 00  ................
BB10:  00 00 00 00 00 00 00 00 00 00 00 00 00 00 00 00  ................
BB20:  00 00 00 00 00 00 00 00 00 00 00 00 00 00 00 00  ................
BB30:  00 00 00 00 00 00 00 00 00 00 00 00 00 00 00 00  ................
BB40:  00 00 00 00 00 00 00 00 00 00 00 00 00 00 00 00  ................
BB50:  00 00 00 00 00 00 00 00 00 00 00 00 00 00 00 00  ................
BB60:  00 00 00 00 00 00 00 00 00 00 00 00 00 00 00 00  ................
BB70:  00 00 00 00 00 00 00 00 00 00 00 00 00 00 00 00  ................
BB80:  00 00 00 00 00 00 00 00 00 00 00 00 00 00 00 00  ................
BB90:  00 00 00 00 00 00 00 00 00 00 00 00 00 00 00 00  ................
BBA0:  00 00 00 00 00 00 00 00 00 00 00 00 00 00 00 00  ................
BBB0:  00 00 00 00 00 00 00 00 00 00 00 00 00 00 00 00  ................
BBC0:  00 00 00 00 00 00 00 00 00 00 00 00 00 00 00 00  ................
BBD0:  00 00 00 00 00 00 00 00 00 00 00 00 00 00 00 00  ................
BBE0:  00 00 00 00 00 00 00 00 00 00 00 00 00 00 00 00  ................
BBF0:  00 00 00 00 00 00 00 00 00 00 00 00 00 00 00 00  ................
BC00:  00 00 00 00 00 00 00 00 00 00 00 00 00 00 00 00  ................
BC10:  00 00 00 00 00 00 00 00 00 00 00 00 00 00 00 00  ................
BC20:  00 00 00 00 00 00 00 00 00 00 00 00 00 00 00 00  ................
BC30:  00 00 00 00 00 00 00 00 00 00 00 00 00 00 00 00  ................
BC40:  00 00 00 00 00 00 00 00 00 00 00 00 00 00 00 00  ................
BC50:  00 00 00 00 00 00 00 00 00 00 00 00 00 00 00 00  ................
BC60:  00 00 00 00 00 00 00 00 00 00 00 00 00 00 00 00  ................
BC70:  00 00 00 00 00 00 00 00 00 00 00 00 00 00 00 00  ................
BC80:  00 00 00 00 00 00 00 00 00 00 00 00 00 00 00 00  ................
BC90:  00 00 00 00 00 00 00 00 00 00 00 00 00 00 00 00  ................
BCA0:  00 00 00 00 00 00 00 00 00 00 00 00 00 00 00 00  ................
BCB0:  00 00 00 00 00 00 00 00 00 00 00 00 00 00 00 00  ................
BCC0:  00 00 00 00 00 00 00 00 00 00 00 00 00 00 00 00  ................
BCD0:  00 00 00 00 00 00 00 00 00 00 00 00 00 00 00 00  ................
BCE0:  00 00 00 00 00 00 00 00 00 00 00 00 00 00 00 00  ................
BCF0:  00 00 00 00 00 00 00 00 00 00 00 00 00 00 00 00  ................
BD00:  00 00 00 00 00 00 00 00 00 00 00 00 00 00 00 00  ................
BD10:  00 00 00 00 00 00 00 00 00 00 00 00 00 00 00 00  ................
BD20:  00 00 00 00 00 00 00 00 00 00 00 00 00 00 00 00  ................
BD30:  00 00 00 00 00 00 00 00 00 00 00 00 00 00 00 00  ................
BD40:  00 00 00 00 00 00 00 00 00 00 00 00 00 00 00 00  ................
BD50:  00 00 00 00 00 00 00 00 00 00 00 00 00 00 00 00  ................
BD60:  00 00 00 00 00 00 00 00 00 00 00 00 00 00 00 00  ................
BD70:  00 00 00 00 00 00 00 00 00 00 00 00 00 00 00 00  ................
BD80:  00 00 00 00 00 00 00 00 00 00 00 00 00 00 00 00  ................
BD90:  00 00 00 00 00 00 00 00 00 00 00 00 00 00 00 00  ................
BDA0:  00 00 00 00 00 00 00 00 00 00 00 00 00 00 00 00  ................
BDB0:  00 00 00 00 00 00 00 00 00 00 00 00 00 00 00 00  ................
BDC0:  00 00 00 00 00 00 00 00 00 00 00 00 00 00 00 00  ................
BDD0:  00 00 00 00 00 00 00 00 00 00 00 00 00 00 00 00  ................
BDE0:  00 00 00 00 00 00 00 00 00 00 00 00 00 00 00 00  ................
BDF0:  00 00 00 00 00 00 00 00 00 00 00 00 00 00 00 00  ................
BE00:  00 00 00 00 00 00 00 00 00 00 00 00 00 00 00 00  ................
BE10:  00 00 00 00 00 00 00 00 00 00 00 00 00 00 00 00  ................
BE20:  00 00 00 00 00 00 00 00 00 00 00 00 00 00 00 00  ................
BE30:  00 00 00 00 00 00 00 00 00 00 00 00 00 00 00 00  ................
BE40:  00 00 00 00 00 00 00 00 00 00 00 00 00 00 00 00  ................
BE50:  00 00 00 00 00 00 00 00 00 00 00 00 00 00 00 00  ................
BE60:  00 00 00 00 00 00 00 00 00 00 00 00 00 00 00 00  ................
BE70:  00 00 00 00 00 00 00 00 00 00 00 00 00 00 00 00  ................
BE80:  00 00 00 00 00 00 00 00 00 00 00 00 00 00 00 00  ................
BE90:  00 00 00 00 00 00 00 00 00 00 00 00 00 00 00 00  ................
BEA0:  00 00 00 00 00 00 00 00 00 00 00 00 00 00 00 00  ................
BEB0:  00 00 00 00 00 00 00 00 00 00 00 00 00 00 00 00  ................
BEC0:  00 00 00 00 00 00 00 00 00 00 00 00 00 00 00 00  ................
BED0:  00 00 00 00 00 00 00 00 00 00 00 00 00 00 00 00  ................
BEE0:  00 00 00 00 00 00 00 00 00 00 00 00 00 00 00 00  ................
BEF0:  00 00 00 00 00 00 00 00 00 00 00 00 00 00 00 00  ................
BF00:  00 00 00 00 00 00 00 00 00 00 00 00 00 00 00 00  ................
BF10:  00 00 00 00 00 00 00 00 00 00 00 00 00 00 00 00  ................
BF20:  00 00 00 00 00 00 00 00 00 00 00 00 00 00 00 00  ................
BF30:  00 00 00 00 00 00 00 00 00 00 00 00 00 00 00 00  ................
BF40:  00 00 00 00 00 00 00 00 00 00 00 00 00 00 00 00  ................
BF50:  00 00 00 00 00 00 00 00 00 00 00 00 00 00 00 00  ................
BF60:  00 00 00 00 00 00 00 00 00 00 00 00 00 00 00 00  ................
BF70:  00 00 00 00 00 00 00 00 00 00 00 00 00 00 00 00  ................
BF80:  00 00 00 00 00 00 00 00 00 00 00 00 00 00 00 00  ................
BF90:  00 00 00 00 00 00 00 00 00 00 00 00 00 00 00 00  ................
BFA0:  00 00 00 00 00 00 00 00 00 00 00 00 00 00 00 00  ................
BFB0:  00 00 00 00 00 00 00 00 00 00 00 00 00 00 00 00  ................
BFC0:  00 00 00 00 00 00 00 00 00 00 00 00 00 00 00 00  ................
BFD0:  00 00 00 00 00 00 00 00 00 00 00 00 00 00 00 00  ................
BFE0:  00 00 00 00 00 00 00 00 00 00 00 00 00 00 00 00  ................
BFF0:  00 00 00 00 00 00 00 00 00 00 00 00 00 00 00 00  ................
C000:  00 00 00 00 00 00 00 00 00 00 00 00 00 00 00 00  ................
C010:  00 00 00 00 00 00 00 00 00 00 00 00 00 00 00 00  ................
C020:  00 00 00 00 00 00 00 00 00 00 00 00 00 00 00 00  ................
C030:  00 00 00 00 00 00 00 00 00 00 00 00 00 00 00 00  ................
C040:  00 00 00 00 00 00 00 00 00 00 00 00 00 00 00 00  ................
C050:  00 00 00 00 00 00 00 00 00 00 00 00 00 00 00 00  ................
C060:  00 00 00 00 00 00 00 00 00 00 00 00 00 00 00 00  ................
C070:  00 00 00 00 00 00 00 00 00 00 00 00 00 00 00 00  ................
C080:  00 00 00 00 00 00 00 00 00 00 00 00 00 00 00 00  ................
C090:  00 00 00 00 00 00 00 00 00 00 00 00 00 00 00 00  ................
C0A0:  00 00 00 00 00 00 00 00 00 00 00 00 00 00 00 00  ................
C0B0:  00 00 00 00 00 00 00 00 00 00 00 00 00 00 00 00  ................
C0C0:  00 00 00 00 00 00 00 00 00 00 00 00 00 00 00 00  ................
C0D0:  00 00 00 00 00 00 00 00 00 00 00 00 00 00 00 00  ................
C0E0:  00 00 00 00 00 00 00 00 00 00 00 00 00 00 00 00  ................
C0F0:  00 00 00 00 00 00 00 00 00 00 00 00 00 00 00 00  ................
C100:  00 00 00 00 00 00 00 00 00 00 00 00 00 00 00 00  ................
C110:  00 00 00 00 00 00 00 00 00 00 00 00 00 00 00 00  ................
C120:  00 00 00 00 00 00 00 00 00 00 00 00 00 00 00 00  ................
C130:  00 00 00 00 00 00 00 00 00 00 00 00 00 00 00 00  ................
C140:  00 00 00 00 00 00 00 00 00 00 00 00 00 00 00 00  ................
C150:  00 00 00 00 00 00 00 00 00 00 00 00 00 00 00 00  ................
C160:  00 00 00 00 00 00 00 00 00 00 00 00 00 00 00 00  ................
C170:  00 00 00 00 00 00 00 00 00 00 00 00 00 00 00 00  ................
C180:  00 00 00 00 00 00 00 00 00 00 00 00 00 00 00 00  ................
C190:  00 00 00 00 00 00 00 00 00 00 00 00 00 00 00 00  ................
C1A0:  00 00 00 00 00 00 00 00 00 00 00 00 00 00 00 00  ................
C1B0:  00 00 00 00 00 00 00 00 00 00 00 00 00 00 00 00  ................
C1C0:  00 00 00 00 00 00 00 00 00 00 00 00 00 00 00 00  ................
C1D0:  00 00 00 00 00 00 00 00 00 00 00 00 00 00 00 00  ................
C1E0:  00 00 00 00 00 00 00 00 00 00 00 00 00 00 00 00  ................
C1F0:  00 00 00 00 00 00 00 00 00 00 00 00 00 00 00 00  ................
C200:  00 00 00 00 00 00 00 00 00 00 00 00 00 00 00 00  ................
C210:  00 00 00 00 00 00 00 00 00 00 00 00 00 00 00 00  ................
C220:  00 00 00 00 00 00 00 00 00 00 00 00 00 00 00 00  ................
C230:  00 00 00 00 00 00 00 00 00 00 00 00 00 00 00 00  ................
C240:  00 00 00 00 00 00 00 00 00 00 00 00 00 00 00 00  ................
C250:  00 00 00 00 00 00 00 00 00 00 00 00 00 00 00 00  ................
C260:  00 00 00 00 00 00 00 00 00 00 00 00 00 00 00 00  ................
C270:  00 00 00 00 00 00 00 00 00 00 00 00 00 00 00 00  ................
C280:  00 00 00 00 00 00 00 00 00 00 00 00 00 00 00 00  ................
C290:  00 00 00 00 00 00 00 00 00 00 00 00 00 00 00 00  ................
C2A0:  00 00 00 00 00 00 00 00 00 00 00 00 00 00 00 00  ................
C2B0:  00 00 00 00 00 00 00 00 00 00 00 00 00 00 00 00  ................
C2C0:  00 00 00 00 00 00 00 00 00 00 00 00 00 00 00 00  ................
C2D0:  00 00 00 00 00 00 00 00 00 00 00 00 00 00 00 00  ................
C2E0:  00 00 00 00 00 00 00 00 00 00 00 00 00 00 00 00  ................
C2F0:  00 00 00 00 00 00 00 00 00 00 00 00 00 00 00 00  ................
C300:  00 00 00 00 00 00 00 00 00 00 00 00 00 00 00 00  ................
C310:  00 00 00 00 00 00 00 00 00 00 00 00 00 00 00 00  ................
C320:  00 00 00 00 00 00 00 00 00 00 00 00 00 00 00 00  ................
C330:  00 00 00 00 00 00 00 00 00 00 00 00 00 00 00 00  ................
C340:  00 00 00 00 00 00 00 00 00 00 00 00 00 00 00 00  ................
C350:  00 00 00 00 00 00 00 00 00 00 00 00 00 00 00 00  ................
C360:  00 00 00 00 00 00 00 00 00 00 00 00 00 00 00 00  ................
C370:  00 00 00 00 00 00 00 00 00 00 00 00 00 00 00 00  ................
C380:  00 00 00 00 00 00 00 00 00 00 00 00 00 00 00 00  ................
C390:  00 00 00 00 00 00 00 00 00 00 00 00 00 00 00 00  ................
C3A0:  00 00 00 00 00 00 00 00 00 00 00 00 00 00 00 00  ................
C3B0:  00 00 00 00 00 00 00 00 00 00 00 00 00 00 00 00  ................
C3C0:  00 00 00 00 00 00 00 00 00 00 00 00 00 00 00 00  ................
C3D0:  00 00 00 00 00 00 00 00 00 00 00 00 00 00 00 00  ................
C3E0:  00 00 00 00 00 00 00 00 00 00 00 00 00 00 00 00  ................
C3F0:  00 00 00 00 00 00 00 00 00 00 00 00 00 00 00 00  ................
C400:  00 00 00 00 00 00 00 00 00 00 00 00 00 00 00 00  ................
C410:  00 00 00 00 00 00 00 00 00 00 00 00 00 00 00 00  ................
C420:  00 00 00 00 00 00 00 00 00 00 00 00 00 00 00 00  ................
C430:  00 00 00 00 00 00 00 00 00 00 00 00 00 00 00 00  ................
C440:  00 00 00 00 00 00 00 00 00 00 00 00 00 00 00 00  ................
C450:  00 00 00 00 00 00 00 00 00 00 00 00 00 00 00 00  ................
C460:  00 00 00 00 00 00 00 00 00 00 00 00 00 00 00 00  ................
C470:  00 00 00 00 00 00 00 00 00 00 00 00 00 00 00 00  ................
C480:  00 00 00 00 00 00 00 00 00 00 00 00 00 00 00 00  ................
C490:  00 00 00 00 00 00 00 00 00 00 00 00 00 00 00 00  ................
C4A0:  00 00 00 00 00 00 00 00 00 00 00 00 00 00 00 00  ................
C4B0:  00 00 00 00 00 00 00 00 00 00 00 00 00 00 00 00  ................
C4C0:  00 00 00 00 00 00 00 00 00 00 00 00 00 00 00 00  ................
C4D0:  00 00 00 00 00 00 00 00 00 00 00 00 00 00 00 00  ................
C4E0:  00 00 00 00 00 00 00 00 00 00 00 00 00 00 00 00  ................
C4F0:  00 00 00 00 00 00 00 00 00 00 00 00 00 00 00 00  ................
C500:  00 00 00 00 00 00 00 00 00 00 00 00 00 00 00 00  ................
C510:  00 00 00 00 00 00 00 00 00 00 00 00 00 00 00 00  ................
C520:  00 00 00 00 00 00 00 00 00 00 00 00 00 00 00 00  ................
C530:  00 00 00 00 00 00 00 00 00 00 00 00 00 00 00 00  ................
C540:  00 00 00 00 00 00 00 00 00 00 00 00 00 00 00 00  ................
C550:  00 00 00 00 00 00 00 00 00 00 00 00 00 00 00 00  ................
C560:  00 00 00 00 00 00 00 00 00 00 00 00 00 00 00 00  ................
C570:  00 00 00 00 00 00 00 00 00 00 00 00 00 00 00 00  ................
C580:  00 00 00 00 00 00 00 00 00 00 00 00 00 00 00 00  ................
C590:  00 00 00 00 00 00 00 00 00 00 00 00 00 00 00 00  ................
C5A0:  00 00 00 00 00 00 00 00 00 00 00 00 00 00 00 00  ................
C5B0:  00 00 00 00 00 00 00 00 00 00 00 00 00 00 00 00  ................
C5C0:  00 00 00 00 00 00 00 00 00 00 00 00 00 00 00 00  ................
C5D0:  00 00 00 00 00 00 00 00 00 00 00 00 00 00 00 00  ................
C5E0:  00 00 00 00 00 00 00 00 00 00 00 00 00 00 00 00  ................
C5F0:  00 00 00 00 00 00 00 00 00 00 00 00 00 00 00 00  ................
C600:  00 00 00 00 00 00 00 00 00 00 00 00 00 00 00 00  ................
C610:  00 00 00 00 00 00 00 00 00 00 00 00 00 00 00 00  ................
C620:  00 00 00 00 00 00 00 00 00 00 00 00 00 00 00 00  ................
C630:  00 00 00 00 00 00 00 00 00 00 00 00 00 00 00 00  ................
C640:  00 00 00 00 00 00 00 00 00 00 00 00 00 00 00 00  ................
C650:  00 00 00 00 00 00 00 00 00 00 00 00 00 00 00 00  ................
C660:  00 00 00 00 00 00 00 00 00 00 00 00 00 00 00 00  ................
C670:  00 00 00 00 00 00 00 00 00 00 00 00 00 00 00 00  ................
C680:  00 00 00 00 00 00 00 00 00 00 00 00 00 00 00 00  ................
C690:  00 00 00 00 00 00 00 00 00 00 00 00 00 00 00 00  ................
C6A0:  00 00 00 00 00 00 00 00 00 00 00 00 00 00 00 00  ................
C6B0:  00 00 00 00 00 00 00 00 00 00 00 00 00 00 00 00  ................
C6C0:  00 00 00 00 00 00 00 00 00 00 00 00 00 00 00 00  ................
C6D0:  00 00 00 00 00 00 00 00 00 00 00 00 00 00 00 00  ................
C6E0:  00 00 00 00 00 00 00 00 00 00 00 00 00 00 00 00  ................
C6F0:  00 00 00 00 00 00 00 00 00 00 00 00 00 00 00 00  ................
C700:  00 00 00 00 00 00 00 00 00 00 00 00 00 00 00 00  ................
C710:  00 00 00 00 00 00 00 00 00 00 00 00 00 00 00 00  ................
C720:  00 00 00 00 00 00 00 00 00 00 00 00 00 00 00 00  ................
C730:  00 00 00 00 00 00 00 00 00 00 00 00 00 00 00 00  ................
C740:  00 00 00 00 00 00 00 00 00 00 00 00 00 00 00 00  ................
C750:  00 00 00 00 00 00 00 00 00 00 00 00 00 00 00 00  ................
C760:  00 00 00 00 00 00 00 00 00 00 00 00 00 00 00 00  ................
C770:  00 00 00 00 00 00 00 00 00 00 00 00 00 00 00 00  ................
C780:  00 00 00 00 00 00 00 00 00 00 00 00 00 00 00 00  ................
C790:  00 00 00 00 00 00 00 00 00 00 00 00 00 00 00 00  ................
C7A0:  00 00 00 00 00 00 00 00 00 00 00 00 00 00 00 00  ................
C7B0:  00 00 00 00 00 00 00 00 00 00 00 00 00 00 00 00  ................
C7C0:  00 00 00 00 00 00 00 00 00 00 00 00 00 00 00 00  ................
C7D0:  00 00 00 00 00 00 00 00 00 00 00 00 00 00 00 00  ................
C7E0:  00 00 00 00 00 00 00 00 00 00 00 00 00 00 00 00  ................
C7F0:  00 00 00 00 00 00 00 00 00 00 00 00 00 00 00 00  ................
C800:  00 00 00 00 00 00 00 00 00 00 00 00 00 00 00 00  ................
C810:  00 00 00 00 00 00 00 00 00 00 00 00 00 00 00 00  ................
C820:  00 00 00 00 00 00 00 00 00 00 00 00 00 00 00 00  ................
C830:  00 00 00 00 00 00 00 00 00 00 00 00 00 00 00 00  ................
C840:  00 00 00 00 00 00 00 00 00 00 00 00 00 00 00 00  ................
C850:  00 00 00 00 00 00 00 00 00 00 00 00 00 00 00 00  ................
C860:  00 00 00 00 00 00 00 00 00 00 00 00 00 00 00 00  ................
C870:  00 00 00 00 00 00 00 00 00 00 00 00 00 00 00 00  ................
C880:  00 00 00 00 00 00 00 00 00 00 00 00 00 00 00 00  ................
C890:  00 00 00 00 00 00 00 00 00 00 00 00 00 00 00 00  ................
C8A0:  00 00 00 00 00 00 00 00 00 00 00 00 00 00 00 00  ................
C8B0:  00 00 00 00 00 00 00 00 00 00 00 00 00 00 00 00  ................
C8C0:  00 00 00 00 00 00 00 00 00 00 00 00 00 00 00 00  ................
C8D0:  00 00 00 00 00 00 00 00 00 00 00 00 00 00 00 00  ................
C8E0:  00 00 00 00 00 00 00 00 00 00 00 00 00 00 00 00  ................
C8F0:  00 00 00 00 00 00 00 00 00 00 00 00 00 00 00 00  ................
C900:  00 00 00 00 00 00 00 00 00 00 00 00 00 00 00 00  ................
C910:  00 00 00 00 00 00 00 00 00 00 00 00 00 00 00 00  ................
C920:  00 00 00 00 00 00 00 00 00 00 00 00 00 00 00 00  ................
C930:  00 00 00 00 00 00 00 00 00 00 00 00 00 00 00 00  ................
C940:  00 00 00 00 00 00 00 00 00 00 00 00 00 00 00 00  ................
C950:  00 00 00 00 00 00 00 00 00 00 00 00 00 00 00 00  ................
C960:  00 00 00 00 00 00 00 00 00 00 00 00 00 00 00 00  ................
C970:  00 00 00 00 00 00 00 00 00 00 00 00 00 00 00 00  ................
C980:  00 00 00 00 00 00 00 00 00 00 00 00 00 00 00 00  ................
C990:  00 00 00 00 00 00 00 00 00 00 00 00 00 00 00 00  ................
C9A0:  00 00 00 00 00 00 00 00 00 00 00 00 00 00 00 00  ................
C9B0:  00 00 00 00 00 00 00 00 00 00 00 00 00 00 00 00  ................
C9C0:  00 00 00 00 00 00 00 00 00 00 00 00 00 00 00 00  ................
C9D0:  00 00 00 00 00 00 00 00 00 00 00 00 00 00 00 00  ................
C9E0:  00 00 00 00 00 00 00 00 00 00 00 00 00 00 00 00  ................
C9F0:  00 00 00 00 00 00 00 00 00 00 00 00 00 00 00 00  ................
CA00:  00 00 00 00 00 00 00 00 00 00 00 00 00 00 00 00  ................
CA10:  00 00 00 00 00 00 00 00 00 00 00 00 00 00 00 00  ................
CA20:  00 00 00 00 00 00 00 00 00 00 00 00 00 00 00 00  ................
CA30:  00 00 00 00 00 00 00 00 00 00 00 00 00 00 00 00  ................
CA40:  00 00 00 00 00 00 00 00 00 00 00 00 00 00 00 00  ................
CA50:  00 00 00 00 00 00 00 00 00 00 00 00 00 00 00 00  ................
CA60:  00 00 00 00 00 00 00 00 00 00 00 00 00 00 00 00  ................
CA70:  00 00 00 00 00 00 00 00 00 00 00 00 00 00 00 00  ................
CA80:  00 00 00 00 00 00 00 00 00 00 00 00 00 00 00 00  ................
CA90:  00 00 00 00 00 00 00 00 00 00 00 00 00 00 00 00  ................
CAA0:  00 00 00 00 00 00 00 00 00 00 00 00 00 00 00 00  ................
CAB0:  00 00 00 00 00 00 00 00 00 00 00 00 00 00 00 00  ................
CAC0:  00 00 00 00 00 00 00 00 00 00 00 00 00 00 00 00  ................
CAD0:  00 00 00 00 00 00 00 00 00 00 00 00 00 00 00 00  ................
CAE0:  00 00 00 00 00 00 00 00 00 00 00 00 00 00 00 00  ................
CAF0:  00 00 00 00 00 00 00 00 00 00 00 00 00 00 00 00  ................
CB00:  00 00 00 00 00 00 00 00 00 00 00 00 00 00 00 00  ................
CB10:  00 00 00 00 00 00 00 00 00 00 00 00 00 00 00 00  ................
CB20:  00 00 00 00 00 00 00 00 00 00 00 00 00 00 00 00  ................
CB30:  00 00 00 00 00 00 00 00 00 00 00 00 00 00 00 00  ................
CB40:  00 00 00 00 00 00 00 00 00 00 00 00 00 00 00 00  ................
CB50:  00 00 00 00 00 00 00 00 00 00 00 00 00 00 00 00  ................
CB60:  00 00 00 00 00 00 00 00 00 00 00 00 00 00 00 00  ................
CB70:  00 00 00 00 00 00 00 00 00 00 00 00 00 00 00 00  ................
CB80:  00 00 00 00 00 00 00 00 00 00 00 00 00 00 00 00  ................
CB90:  00 00 00 00 00 00 00 00 00 00 00 00 00 00 00 00  ................
CBA0:  00 00 00 00 00 00 00 00 00 00 00 00 00 00 00 00  ................
CBB0:  00 00 00 00 00 00 00 00 00 00 00 00 00 00 00 00  ................
CBC0:  00 00 00 00 00 00 00 00 00 00 00 00 00 00 00 00  ................
CBD0:  00 00 00 00 00 00 00 00 00 00 00 00 00 00 00 00  ................
CBE0:  00 00 00 00 00 00 00 00 00 00 00 00 00 00 00 00  ................
CBF0:  00 00 00 00 00 00 00 00 00 00 00 00 00 00 00 00  ................
CC00:  00 00 00 00 00 00 00 00 00 00 00 00 00 00 00 00  ................
CC10:  00 00 00 00 00 00 00 00 00 00 00 00 00 00 00 00  ................
CC20:  00 00 00 00 00 00 00 00 00 00 00 00 00 00 00 00  ................
CC30:  00 00 00 00 00 00 00 00 00 00 00 00 00 00 00 00  ................
CC40:  00 00 00 00 00 00 00 00 00 00 00 00 00 00 00 00  ................
CC50:  00 00 00 00 00 00 00 00 00 00 00 00 00 00 00 00  ................
CC60:  00 00 00 00 00 00 00 00 00 00 00 00 00 00 00 00  ................
CC70:  00 00 00 00 00 00 00 00 00 00 00 00 00 00 00 00  ................
CC80:  00 00 00 00 00 00 00 00 00 00 00 00 00 00 00 00  ................
CC90:  00 00 00 00 00 00 00 00 00 00 00 00 00 00 00 00  ................
CCA0:  00 00 00 00 00 00 00 00 00 00 00 00 00 00 00 00  ................
CCB0:  00 00 00 00 00 00 00 00 00 00 00 00 00 00 00 00  ................
CCC0:  00 00 00 00 00 00 00 00 00 00 00 00 00 00 00 00  ................
CCD0:  00 00 00 00 00 00 00 00 00 00 00 00 00 00 00 00  ................
CCE0:  00 00 00 00 00 00 00 00 00 00 00 00 00 00 00 00  ................
CCF0:  00 00 00 00 00 00 00 00 00 00 00 00 00 00 00 00  ................
CD00:  00 00 00 00 00 00 00 00 00 00 00 00 00 00 00 00  ................
CD10:  00 00 00 00 00 00 00 00 00 00 00 00 00 00 00 00  ................
CD20:  00 00 00 00 00 00 00 00 00 00 00 00 00 00 00 00  ................
CD30:  00 00 00 00 00 00 00 00 00 00 00 00 00 00 00 00  ................
CD40:  00 00 00 00 00 00 00 00 00 00 00 00 00 00 00 00  ................
CD50:  00 00 00 00 00 00 00 00 00 00 00 00 00 00 00 00  ................
CD60:  00 00 00 00 00 00 00 00 00 00 00 00 00 00 00 00  ................
CD70:  00 00 00 00 00 00 00 00 00 00 00 00 00 00 00 00  ................
CD80:  00 00 00 00 00 00 00 00 00 00 00 00 00 00 00 00  ................
CD90:  00 00 00 00 00 00 00 00 00 00 00 00 00 00 00 00  ................
CDA0:  00 00 00 00 00 00 00 00 00 00 00 00 00 00 00 00  ................
CDB0:  00 00 00 00 00 00 00 00 00 00 00 00 00 00 00 00  ................
CDC0:  00 00 00 00 00 00 00 00 00 00 00 00 00 00 00 00  ................
CDD0:  00 00 00 00 00 00 00 00 00 00 00 00 00 00 00 00  ................
CDE0:  00 00 00 00 00 00 00 00 00 00 00 00 00 00 00 00  ................
CDF0:  00 00 00 00 00 00 00 00 00 00 00 00 00 00 00 00  ................
CE00:  00 00 00 00 00 00 00 00 00 00 00 00 00 00 00 00  ................
CE10:  00 00 00 00 00 00 00 00 00 00 00 00 00 00 00 00  ................
CE20:  00 00 00 00 00 00 00 00 00 00 00 00 00 00 00 00  ................
CE30:  00 00 00 00 00 00 00 00 00 00 00 00 00 00 00 00  ................
CE40:  00 00 00 00 00 00 00 00 00 00 00 00 00 00 00 00  ................
CE50:  00 00 00 00 00 00 00 00 00 00 00 00 00 00 00 00  ................
CE60:  00 00 00 00 00 00 00 00 00 00 00 00 00 00 00 00  ................
CE70:  00 00 00 00 00 00 00 00 00 00 00 00 00 00 00 00  ................
CE80:  00 00 00 00 00 00 00 00 00 00 00 00 00 00 00 00  ................
CE90:  00 00 00 00 00 00 00 00 00 00 00 00 00 00 00 00  ................
CEA0:  00 00 00 00 00 00 00 00 00 00 00 00 00 00 00 00  ................
CEB0:  00 00 00 00 00 00 00 00 00 00 00 00 00 00 00 00  ................
CEC0:  00 00 00 00 00 00 00 00 00 00 00 00 00 00 00 00  ................
CED0:  00 00 00 00 00 00 00 00 00 00 00 00 00 00 00 00  ................
CEE0:  00 00 00 00 00 00 00 00 00 00 00 00 00 00 00 00  ................
CEF0:  00 00 00 00 00 00 00 00 00 00 00 00 00 00 00 00  ................
CF00:  00 00 00 00 00 00 00 00 00 00 00 00 00 00 00 00  ................
CF10:  00 00 00 00 00 00 00 00 00 00 00 00 00 00 00 00  ................
CF20:  00 00 00 00 00 00 00 00 00 00 00 00 00 00 00 00  ................
CF30:  00 00 00 00 00 00 00 00 00 00 00 00 00 00 00 00  ................
CF40:  00 00 00 00 00 00 00 00 00 00 00 00 00 00 00 00  ................
CF50:  00 00 00 00 00 00 00 00 00 00 00 00 00 00 00 00  ................
CF60:  00 00 00 00 00 00 00 00 00 00 00 00 00 00 00 00  ................
CF70:  00 00 00 00 00 00 00 00 00 00 00 00 00 00 00 00  ................
CF80:  00 00 00 00 00 00 00 00 00 00 00 00 00 00 00 00  ................
CF90:  00 00 00 00 00 00 00 00 00 00 00 00 00 00 00 00  ................
CFA0:  00 00 00 00 00 00 00 00 00 00 00 00 00 00 00 00  ................
CFB0:  00 00 00 00 00 00 00 00 00 00 00 00 00 00 00 00  ................
CFC0:  00 00 00 00 00 00 00 00 00 00 00 00 00 00 00 00  ................
CFD0:  00 00 00 00 00 00 00 00 00 00 00 00 00 00 00 00  ................
CFE0:  00 00 00 00 00 00 00 00 00 00 00 00 00 00 00 00  ................
CFF0:  00 00 00 00 00 00 00 00 00 00 00 00 00 00 00 00  ................
D000:  20 10 20 10 20 10 20 10 10 20 10 20 10 20 10 20   . . . .. . . . 
D010:  20 10 20 10 20 10 20 10 10 20 10 20 00 00 00 00   . . . .. . ....
D020:  20 10 20 00 00 00 00 00 10 20 10 20 00 00 00 00   . ...... . ....
D030:  20 10 20 00 00 00 00 00 10 20 10 20 10 20 10 20   . ...... . . . 
D040:  20 10 20 10 20 10 20 10 10 20 10 20 10 20 10 20   . . . .. . . . 
D050:  20 10 20 10 20 10 20 10 10 20 10 20 11 20 10 20   . . . .. . . . 
D060:  20 10 20 10 20 10 20 12 10 20 18 20 10 20 10 20   . . . .. . . . 
D070:  20 18 28 18 2C 18 2C 1C 18 2C 1C 28 18 2C 18 2D   .(.,.,..,.(.,.-
D080:  30 40 30 40 30 40 30 40 40 30 40 30 40 30 40 3E  0@0@0@0@@0@0@0@>
D090:  30 40 30 40 30 40 30 40 40 30 40 31 00 00 00 0F  0@0@0@0@@0@1....
D0A0:  30 40 30 00 00 00 02 00 40 38 00 00 00 00 00 0F  0@0.....@8......
D0B0:  38 48 38 0C 08 0C 0C 08 4C 3C 48 38 4C 38 4D 3F  8H8.....L<H8L8M?
D0C0:  30 40 30 40 30 40 30 40 40 30 40 30 40 30 40 30  0@0@0@0@@0@0@0@0
D0D0:  30 40 30 41 30 40 30 40 40 30 40 30 40 30 40 30  0@0A0@0@@0@0@0@0
D0E0:  30 40 30 40 30 48 30 40 42 30 40 30 40 30 40 30  0@0@0H0@B0@0@0@0
D0F0:  3D 48 3C 48 38 4C 3C 48 4C 3C 48 3C 48 38 48 30  =H<H8L<HL<H<H8H0
D100:  2E 10 20 10 20 50 60 70 10 20 10 20 10 A0 B0 C0  .. . P`p. . ....
D110:  2F 10 20 10 21 10 20 10 10 20 10 20 10 20 10 20  /. .!. .. . . . 
D120:  2F 10 20 10 20 10 28 10 10 22 10 20 00 00 00 00  /. . .(..". ....
D130:  0F 0D 08 0C 08 08 0C 0C 08 0C 0C 08 0C 08 08 08  ................
D140:  00 00 00 10 20 10 20 00 10 20 10 20 10 20 10 28  .... . .. . . .(
D150:  20 10 20 10 20 10 28 1C 08 0C 14 26 13 21 10 20   . . .(....&.!. 
D160:  00 00 00 00 00 10 22 13 00 0F 00 00 10 20 14 22  ......"...... ."
D170:  20 18 28 18 2C 18 2C 1C 18 2A 17 2D 18 2C 18 2D   .(.,.,..*.-.,.-
D180:  38 40 34 44 30 40 98 88 40 30 48 30 48 30 E0 DE  8@4D0@..@0H0H0..
D190:  30 40 30 40 3C 4B 30 40 40 30 40 31 42 36 4C 37  0@0@<K0@@0@1B6L7
D1A0:  30 40 30 40 36 45 32 40 48 30 40 32 40 34 0A 0C  0@0@6E2@H0@2@4..
D1B0:  08 08 08 4D 30 0B 0A 09 0C 0D 09 08 0C 08 0C 0F  ...M0...........
D1C0:  30 48 30 08 00 00 00 08 44 38 40 38 00 00 00 00  0H0.....D8@8....
D1D0:  06 45 30 40 30 40 30 40 0C 05 00 30 41 36 4D 37  .E0@0@0@...0A6M7
D1E0:  33 40 30 40 38 44 39 46 41 30 48 38 42 36 45 33  3@0@8D9FA0H8B6E3
D1F0:  38 48 38 4A 3C 4D 3E 4D 4A 3E 4C 3E 48 3C 49 3D  8H8J<M>MJ>L>H<I=
D200:  0E 00 00 00 00 00 08 00 00 00 00 00 00 00 00 04  ................
D210:  0E 05 0A 04 01 08 01 06 0C 00 0C 00 00 04 0B 0E  ................
D220:  0F 08 04 08 03 0A 05 02 0C 03 06 0D 0A 07 02 00  ................
D230:  0F 0E 08 0D 09 08 0D 0D 08 0C 0C 0A 0C 08 08 08  ................
D240:  00 00 00 00 00 00 00 00 00 00 00 00 00 08 04 08  ................
D250:  00 00 00 01 00 00 00 00 00 00 00 00 00 00 00 00  ................
D260:  00 00 00 00 00 08 00 00 02 00 00 00 01 01 04 08  ................
D270:  0D 08 0C 08 08 0C 0C 08 0C 0C 08 0C 08 08 08 00  ................
D280:  00 00 00 00 00 00 00 00 00 00 0F 03 06 00 00 0E  ................
D290:  00 00 00 00 00 00 01 01 02 02 06 06 0C 0C 0C 0F  ................
D2A0:  00 00 00 00 00 00 06 04 02 0A 03 03 01 01 00 0F  ................
D2B0:  08 08 08 0C 08 0C 0C 08 0C 0C 08 08 0C 08 0D 0F  ................
D2C0:  00 00 00 00 08 08 0C 0C 0C 06 06 0E 03 09 05 01  ................
D2D0:  0E 0E 0F 0F 0D 09 09 08 00 01 00 00 01 08 04 0A  ................
D2E0:  00 04 02 01 03 00 00 02 00 01 08 02 06 09 09 08  ................
D2F0:  00 08 08 08 0C 08 0C 0C 08 0C 0C 08 08 0C 08 0D  ................
D300:  00 08 08 00 0A 04 04 04 00 08 08 00 00 00 00 06  ................
D310:  06 02 02 04 04 06 06 0A 01 00 00 01 08 0A 05 07  ................
D320:  08 0C 08 06 04 03 02 04 02 09 02 01 00 04 00 0F  ................
D330:  08 08 08 0C 08 0C 0C 08 0C 0C 08 08 0C 08 0D 0F  ................
D340:  00 00 00 00 04 0E 00 00 00 00 00 00 0A 08 0C 08  ................
D350:  08 00 00 01 00 00 01 02 05 02 08 00 01 06 0A 05  ................
D360:  01 01 00 00 01 08 00 02 04 04 0D 00 03 04 01 04  ................
D370:  0D 08 0C 08 08 0C 0C 08 0C 0C 08 0C 08 08 08 00  ................
D380:  0E 00 00 00 00 00 00 00 00 00 00 02 05 0A 00 00  ................
D390:  0F 00 00 04 05 06 0C 00 02 04 08 08 04 08 09 08  ................
D3A0:  0F 00 00 00 00 00 08 01 00 02 00 00 00 00 00 01  ................
D3B0:  0F 0D 08 0C 08 08 0C 0C 08 0C 0C 08 0C 08 08 08  ................
D3C0:  0E 0F 0F 01 0F 0F 0E 00 00 02 0F 0F 0F 00 00 00  ................
D3D0:  03 07 07 04 07 07 03 00 00 00 07 07 07 00 00 00  ................
D3E0:  02 0B 0B 09 0F 0F 0E 00 02 0B 0B 09 0F 0F 06 00  ................
D3F0:  07 07 07 05 05 05 04 00 02 06 06 04 07 07 03 00  ................
D400:  00 00 00 00 00 00 00 00 00 00 00 00 00 00 00 00  ................
D410:  00 00 00 00 00 00 00 00 00 00 00 00 00 00 00 00  ................
D420:  00 00 00 00 00 00 00 00 00 00 00 00 00 00 00 00  ................
D430:  00 00 00 00 00 00 00 00 00 00 00 00 00 00 00 00  ................
D440:  0F EF EF EF EF EF CF CF EF EF FF EF EF EF CF CF  ................
D450:  0F 4F FF EF FF FF FF FF FF FF FF FF EF FF FF FF  .O..............
D460:  0F EF FF FF FF FF DF DF FF FF 7F FF FF FF FF FF  ................
D470:  0F 7F 7F 7F 3F 7F 3F 3F 7F 3F 3F 7F 7F 3F 7F 2F  ....?.??.??..?./
D480:  EF EF EF EF EF CF CF EF EF FF EF EF EF CF CF 0F  ................
D490:  FF FF EF FF FF FF FF FF FF FF FF EF FF FF FF 0F  ................
D4A0:  FF FF FF FF FF DF DF FF FF 7F FF FF FF FF FF 0F  ................
D4B0:  7F 7F 7F 3F 7F 3F 3F 7F 3F 3F 7F 7F 3F 7F 2F 0F  ...?.??.??..?./.
D4C0:  CF CF EF EF EF FF EF EF CF CF EF EF EF EF EF 0F  ................
D4D0:  FF FF FF EF FF FF FF FF FF FF FF FF EF FF 4F 0F  ..............O.
D4E0:  FF FF FF FF FF 7F FF FF DF DF FF FF FF FF EF 0F  ................
D4F0:  2F 7F 3F 7F 7F 3F 3F 7F 3F 3F 7F 3F 7F 7F 7F 0F  /.?..??.??.?....
D500:  0F CF CF EF EF EF FF EF EF CF CF EF EF EF EF EF  ................
D510:  0F FF FF FF EF FF FF FF FF FF FF FF FF EF FF FF  ................
D520:  0F FF FF FF FF FF 7F FF FF DF DF FF FF FF FF FF  ................
D530:  0F 2F 7F 3F 7F 7F 3F 3F 7F 3F 3F 7F 3F 7F 7F 7F  ./.?..??.??.?...
D540:  0F EF EF EF EF EF CF CF EF EF FF EF EF EF CF C7  ................
D550:  0F 4F FF EF FF FF F7 F3 F3 F3 F1 F9 F8 FC FC FE  .O..............
D560:  0F EF FF FF FF FF FD DE FE F0 F0 F7 F7 F3 FB F9  ................
D570:  0F 7F 7F 7F 3F 7F 3F 3F 7D 78 F0 F0 7E 3F 7F 2F  ....?.??}x..~?./
D580:  E7 E7 EB EB E7 CF C7 EF EF FF E7 E7 E7 CF CF 0F  ................
D590:  FE FF FE FF F0 F0 FF FF FF FF FF FC F8 F1 F3 87  ................
D5A0:  FF FF FF F1 F0 F8 DF FF F7 F7 FB FD FF F3 F0 F0  ................
D5B0:  7F 7F 7F 3C F0 F0 79 7C 3E 3E 7E 7F 3F 7F 78 0F  ...<..y|>>~.?.x.
D5C0:  0F E7 E7 E7 EF EF CF C7 EB E7 FF E7 EF EF C7 CF  ................
D5D0:  F0 78 FE EF F7 FF FF F3 F0 F8 FE FF EF F0 F0 F0  .x..............
D5E0:  3C EF FF FF F7 F3 F0 F0 FE FF 7F F7 F9 F0 F0 FC  <...............
D5F0:  07 77 77 75 3B 3A 19 3A 5D 15 3F 39 7E 3F 7E 2F  .wwu;:.:].?9~?~/
D600:  87 CF CF EF EF EF F7 E7 EF CF CF EF EF EF EF E3  ................
D610:  3C F8 F1 F3 E7 F7 FE F8 F0 F1 F3 FF FF E3 F0 F0  <...............
D620:  E1 F3 F3 F6 F4 F0 F0 F1 F3 FC F8 F0 F1 F0 FC FF  ................
D630:  1E 78 F1 7A F6 7E 3E 3E 7F 3F 3F 7C 3E 7F 7F 7F  .x.z.~>>.??|>...
D640:  CF CF EF EF EF FF EF EF CF CF EF EF EF E7 E3 87  ................
D650:  FF FF FF EF FF FF FF FF FF FF FF FF EF FF 5E 1E  ..............^.
D660:  FF FF FF FF FF 7F FF FF DF DF FF FF FE FC F8 E1  ................
D670:  2F 7F 3F 7F 7F 3F 3F 7F 3F 3F 7F 3F 7F 7F 7F 0F  /.?..??.??.?....
D680:  EF EF EF EF EF CF CF EF EF FF F0 FC E9 CF CF 0F  ................
D690:  FF FF EF FF FF FF EE EE DD DD 99 99 33 33 33 03  ............333.
D6A0:  FF FF FF FF FF DF 9B BB DD 5D CC CC EE EE FF 0F  .........]......
D6B0:  7F 7F 7F 3F 7F 3F 3F 7F 3F 3F 7F 7F 3F 7F 2F 0F  ...?.??.??..?./.
D6C0:  0F EF EF EF 67 67 03 03 23 89 99 01 CC 66 8A CE  ....gg..#....f..
D6D0:  01 01 00 00 22 66 66 77 FF EE FF FF EF F7 F3 F1  ...."ffw........
D6E0:  0F AB DD EE CC FF DF DF FF EE 7F FC F8 F0 F2 F3  ................
D6F0:  0F 7F 7F 7F 3F 7F 3F 3F 7F 3F 3F 7F 7F 3F 7F 2F  ....?.??.??..?./
D700:  EF E7 E7 E3 E1 CB CB E9 E9 F3 E7 EF EF CF CF 87  ................
D710:  F8 FC FC F8 F9 F1 F1 F5 FC FE F6 E7 F3 F1 F8 D2  ................
D720:  F3 F3 F1 F8 F8 FC DE FB F9 7C FC FE FF FB FD 3C  .........|.....<
D730:  7F 7F 7F 3F 7F 3F 3F 7F 3F 3F 7F 7F 3F 7F 2F 0F  ...?.??.??..?./.
D740:  CF CF EF EF EB F1 E3 E7 CF CF EF EB E1 E1 E3 C3  ................
D750:  F1 F7 FF EF FF FF FE FC F8 F1 F3 F7 FE F8 E1 D2  ................
D760:  FE FE FF FE FE 7D FD FD F9 F9 F0 F0 F0 FB FE 78  .....}.........x
D770:  2F 7F 3F 7F 7F 3F 3F 7F 3F 3F 7F 3F 7F 7F 7F 0F  /.?..??.??.?....
D780:  0F CF CF EF EF EF FF EF EF CF CF ED F8 E1 E7 EF  ................
D790:  0F FF FF FB EB F1 F1 F9 F9 FB F3 F3 F3 E7 F0 F0  ................
D7A0:  0F FF FF FF FF FF 7E FE FF DF DF FF FF FF FF FE  ......~.........
D7B0:  0F 2F 7F 3F 7F 7F 3F 3F 7F 3F 3F 7F 3F 7F 7F 7F  ./.?..??.??.?...
D7C0:  EE FF FF 11 FF FF EE 00 00 22 FF FF FF 00 00 00  ........."......
D7D0:  33 77 77 44 77 77 33 00 00 00 77 77 77 00 00 00  3wwDww3...www...
D7E0:  22 BB BB 99 FF FF EE 00 22 BB BB 99 FF FF 66 00  ".......".....f.
D7F0:  77 77 77 55 55 55 44 00 22 66 66 44 77 77 33 00  wwwUUUD."ffDww3.
D800:  00 00 00 00 00 00 00 00 00 00 00 00 00 00 00 00  ................
D810:  00 00 00 00 00 00 00 00 00 00 00 00 00 00 00 00  ................
D820:  00 00 00 00 00 00 00 00 00 00 00 00 00 00 00 00  ................
D830:  00 00 00 00 00 00 00 00 00 00 00 00 00 00 00 00  ................
D840:  00 00 00 00 00 00 00 00 00 00 00 00 00 00 00 00  ................
D850:  00 00 00 00 00 00 00 00 00 00 00 00 00 00 00 00  ................
D860:  00 00 00 00 00 00 00 00 00 00 00 00 00 00 00 00  ................
D870:  00 00 00 00 00 00 00 00 00 00 00 00 00 00 00 00  ................
D880:  00 00 00 00 00 00 00 00 00 00 00 00 00 00 00 00  ................
D890:  00 00 00 00 00 00 00 00 00 00 00 00 00 00 00 00  ................
D8A0:  00 00 00 00 00 00 00 00 00 00 00 00 00 00 00 00  ................
D8B0:  00 00 00 00 00 00 00 00 00 00 00 00 00 00 00 00  ................
D8C0:  00 00 00 00 00 00 00 00 00 00 00 00 00 00 00 00  ................
D8D0:  00 00 00 00 00 00 00 00 00 00 00 00 00 00 00 00  ................
D8E0:  00 00 00 00 00 00 00 00 00 00 00 00 00 00 00 00  ................
D8F0:  00 00 00 00 00 00 00 00 00 00 00 00 00 00 00 00  ................
D900:  00 00 00 00 00 00 00 00 00 00 00 00 00 00 00 00  ................
D910:  00 00 00 00 00 00 00 00 00 00 00 00 00 00 00 00  ................
D920:  00 00 00 00 00 00 00 00 00 00 00 00 00 00 00 00  ................
D930:  00 00 00 00 00 00 00 00 00 00 00 00 00 00 00 00  ................
D940:  00 00 00 00 00 00 00 00 00 00 00 00 00 00 00 00  ................
D950:  00 00 00 00 00 00 00 00 00 00 00 00 00 00 00 00  ................
D960:  00 00 00 00 00 00 00 00 00 00 00 00 00 00 00 00  ................
D970:  00 00 00 00 00 00 00 00 00 00 00 00 00 00 00 00  ................
D980:  00 00 00 00 00 00 00 00 00 00 00 00 00 00 00 00  ................
D990:  00 00 00 00 00 00 00 00 00 00 00 00 00 00 00 00  ................
D9A0:  00 00 00 00 00 00 00 00 00 00 00 00 00 00 00 00  ................
D9B0:  00 00 00 00 00 00 00 00 00 00 00 00 00 00 00 00  ................
D9C0:  00 00 00 00 00 00 00 00 00 00 00 00 00 00 00 00  ................
D9D0:  00 00 00 00 00 00 00 00 00 00 00 00 00 00 00 00  ................
D9E0:  00 00 00 00 00 00 00 00 00 00 00 00 00 00 00 00  ................
D9F0:  00 00 00 00 00 00 00 00 00 00 00 00 00 00 00 00  ................
DA00:  00 00 00 00 00 00 00 00 00 00 00 00 00 00 00 00  ................
DA10:  00 00 00 00 00 00 00 00 00 00 00 00 00 00 00 00  ................
DA20:  00 00 00 00 00 00 00 00 00 00 00 00 00 00 00 00  ................
DA30:  00 00 00 00 00 00 00 00 00 00 00 00 00 00 00 00  ................
DA40:  00 00 00 00 00 00 00 00 00 00 00 00 00 00 00 00  ................
DA50:  00 00 00 00 00 00 00 00 00 00 00 00 00 00 00 00  ................
DA60:  00 00 00 00 00 00 00 00 00 00 00 00 00 00 00 00  ................
DA70:  00 00 00 00 00 00 00 00 00 00 00 00 00 00 00 00  ................
DA80:  00 00 00 00 00 00 00 00 00 00 00 00 00 00 00 00  ................
DA90:  00 00 00 00 00 00 00 00 00 00 00 00 00 00 00 00  ................
DAA0:  00 00 00 00 00 00 00 00 00 00 00 00 00 00 00 00  ................
DAB0:  00 00 00 00 00 00 00 00 00 00 00 00 00 00 00 00  ................
DAC0:  00 00 00 00 00 00 00 00 00 00 00 00 00 00 00 00  ................
DAD0:  00 00 00 00 00 00 00 00 00 00 00 00 00 00 00 00  ................
DAE0:  00 00 00 00 00 00 00 00 00 00 00 00 00 00 00 00  ................
DAF0:  00 00 00 00 00 00 00 00 00 00 00 00 00 00 00 00  ................
DB00:  00 00 00 00 00 00 00 00 00 00 00 00 00 00 00 00  ................
DB10:  00 00 00 00 00 00 00 00 00 00 00 00 00 00 00 00  ................
DB20:  00 00 00 00 00 00 00 00 00 00 00 00 00 00 00 00  ................
DB30:  00 00 00 00 00 00 00 00 00 00 00 00 00 00 00 00  ................
DB40:  00 00 00 00 00 00 00 00 00 00 00 00 00 00 00 00  ................
DB50:  00 00 00 00 00 00 00 00 00 00 00 00 00 00 00 00  ................
DB60:  00 00 00 00 00 00 00 00 00 00 00 00 00 00 00 00  ................
DB70:  00 00 00 00 00 00 00 00 00 00 00 00 00 00 00 00  ................
DB80:  00 00 00 00 00 00 00 00 00 00 00 00 00 00 00 00  ................
DB90:  00 00 00 00 00 00 00 00 00 00 00 00 00 00 00 00  ................
DBA0:  00 00 00 00 00 00 00 00 00 00 00 00 00 00 00 00  ................
DBB0:  00 00 00 00 00 00 00 00 00 00 00 00 00 00 00 00  ................
DBC0:  00 00 00 00 00 00 00 00 00 00 00 00 00 00 00 00  ................
DBD0:  00 00 00 00 00 00 00 00 00 00 00 00 00 00 00 00  ................
DBE0:  00 00 00 00 00 00 00 00 00 00 00 00 00 00 00 00  ................
DBF0:  00 00 00 00 00 00 00 00 00 00 00 00 00 00 00 00  ................
DC00:  00 00 00 00 00 00 00 00 00 00 00 00 00 00 00 00  ................
DC10:  00 00 00 00 00 00 00 00 00 00 00 00 00 00 00 00  ................
DC20:  00 00 00 00 00 00 00 00 00 00 00 00 00 00 00 00  ................
DC30:  00 00 00 00 00 00 00 00 00 00 00 00 00 00 00 00  ................
DC40:  00 00 00 00 00 00 00 00 00 00 00 00 00 00 00 00  ................
DC50:  00 00 00 00 00 00 00 00 00 00 00 00 00 00 00 00  ................
DC60:  00 00 00 00 00 00 00 00 00 00 00 00 00 00 00 00  ................
DC70:  00 00 00 00 00 00 00 00 00 00 00 00 00 00 00 00  ................
DC80:  00 00 00 00 00 00 00 00 00 00 00 00 00 00 00 00  ................
DC90:  00 00 00 00 00 00 00 00 00 00 00 00 00 00 00 00  ................
DCA0:  00 00 00 00 00 00 00 00 00 00 00 00 00 00 00 00  ................
DCB0:  00 00 00 00 00 00 00 00 00 00 00 00 00 00 00 00  ................
DCC0:  00 00 00 00 00 00 00 00 00 00 00 00 00 00 00 00  ................
DCD0:  00 00 00 00 00 00 00 00 00 00 00 00 00 00 00 00  ................
DCE0:  00 00 00 00 00 00 00 00 00 00 00 00 00 00 00 00  ................
DCF0:  00 00 00 00 00 00 00 00 00 00 00 00 00 00 00 00  ................
DD00:  00 00 00 00 00 00 00 00 00 00 00 00 00 00 00 00  ................
DD10:  00 00 00 00 00 00 00 00 00 00 00 00 00 00 00 00  ................
DD20:  00 00 00 00 00 00 00 00 00 00 00 00 00 00 00 00  ................
DD30:  00 00 00 00 00 00 00 00 00 00 00 00 00 00 00 00  ................
DD40:  00 00 00 00 00 00 00 00 00 00 00 00 00 00 00 00  ................
DD50:  00 00 00 00 00 00 00 00 00 00 00 00 00 00 00 00  ................
DD60:  00 00 00 00 00 00 00 00 00 00 00 00 00 00 00 00  ................
DD70:  00 00 00 00 00 00 00 00 00 00 00 00 00 00 00 00  ................
DD80:  00 00 00 00 00 00 00 00 00 00 00 00 00 00 00 00  ................
DD90:  00 00 00 00 00 00 00 00 00 00 00 00 00 00 00 00  ................
DDA0:  00 00 00 00 00 00 00 00 00 00 00 00 00 00 00 00  ................
DDB0:  00 00 00 00 00 00 00 00 00 00 00 00 00 00 00 00  ................
DDC0:  00 00 00 00 00 00 00 00 00 00 00 00 00 00 00 00  ................
DDD0:  00 00 00 00 00 00 00 00 00 00 00 00 00 00 00 00  ................
DDE0:  00 00 00 00 00 00 00 00 00 00 00 00 00 00 00 00  ................
DDF0:  00 00 00 00 00 00 00 00 00 00 00 00 00 00 00 00  ................
DE00:  00 00 00 00 00 00 00 00 00 00 00 00 00 00 00 00  ................
DE10:  00 00 00 00 00 00 00 00 00 00 00 00 00 00 00 00  ................
DE20:  00 00 00 00 00 00 00 00 00 00 00 00 00 00 00 00  ................
DE30:  00 00 00 00 00 00 00 00 00 00 00 00 00 00 00 00  ................
DE40:  00 00 00 00 00 00 00 00 00 00 00 00 00 00 00 00  ................
DE50:  00 00 00 00 00 00 00 00 00 00 00 00 00 00 00 00  ................
DE60:  00 00 00 00 00 00 00 00 00 00 00 00 00 00 00 00  ................
DE70:  00 00 00 00 00 00 00 00 00 00 00 00 00 00 00 00  ................
DE80:  00 00 00 00 00 00 00 00 00 00 00 00 00 00 00 00  ................
DE90:  00 00 00 00 00 00 00 00 00 00 00 00 00 00 00 00  ................
DEA0:  00 00 00 00 00 00 00 00 00 00 00 00 00 00 00 00  ................
DEB0:  00 00 00 00 00 00 00 00 00 00 00 00 00 00 00 00  ................
DEC0:  00 00 00 00 00 00 00 00 00 00 00 00 00 00 00 00  ................
DED0:  00 00 00 00 00 00 00 00 00 00 00 00 00 00 00 00  ................
DEE0:  00 00 00 00 00 00 00 00 00 00 00 00 00 00 00 00  ................
DEF0:  00 00 00 00 00 00 00 00 00 00 00 00 00 00 00 00  ................
DF00:  00 00 00 00 00 00 00 00 00 00 00 00 00 00 00 00  ................
DF10:  00 00 00 00 00 00 00 00 00 00 00 00 00 00 00 00  ................
DF20:  00 00 00 00 00 00 00 00 00 00 00 00 00 00 00 00  ................
DF30:  00 00 00 00 00 00 00 00 00 00 00 00 00 00 00 00  ................
DF40:  00 00 00 00 00 00 00 00 00 00 00 00 00 00 00 00  ................
DF50:  00 00 00 00 00 00 00 00 00 00 00 00 00 00 00 00  ................
DF60:  00 00 00 00 00 00 00 00 00 00 00 00 00 00 00 00  ................
DF70:  00 00 00 00 00 00 00 00 00 00 00 00 00 00 00 00  ................
DF80:  00 00 00 00 00 00 00 00 00 00 00 00 00 00 00 00  ................
DF90:  00 00 00 00 00 00 00 00 00 00 00 00 00 00 00 00  ................
DFA0:  00 00 00 00 00 00 00 00 00 00 00 00 00 00 00 00  ................
DFB0:  00 00 00 00 00 00 00 00 00 00 00 00 00 00 00 00  ................
DFC0:  00 00 00 00 00 00 00 00 00 00 00 00 00 00 00 00  ................
DFD0:  00 00 00 00 00 00 00 00 00 00 00 00 00 00 00 00  ................
DFE0:  00 00 00 00 00 00 00 00 00 00 00 00 00 00 00 00  ................
DFF0:  00 00 00 00 00 00 00 00 00 00 00 00 00 00 00 00  ................
E000:  00 F8 58 FF 00 FF FF FF 3F F8 58 FF 00 FF FF FF  ..X.....?.X.....
E010:  3F F8 58 FF 00 FF FF FF 3F F8 58 FF 00 FF FF FF  ?.X.....?.X.....
E020:  00 00 00 00 00 00 00 00 00 00 00 00 00 00 00 00  ................
E030:  00 00 00 00 00 00 00 00 00 00 00 00 00 00 00 00  ................
E040:  00 00 00 00 00 00 00 00 00 00 00 00 00 00 00 00  ................
E050:  00 00 00 00 00 00 00 00 00 00 00 00 00 00 00 00  ................
E060:  00 00 00 00 00 00 00 00 00 00 00 00 00 00 00 00  ................
E070:  00 00 00 00 00 00 00 00 00 00 00 00 00 00 00 00  ................
E080:  00 00 00 00 00 00 00 00 00 00 00 00 00 00 00 00  ................
E090:  00 00 00 00 00 00 00 00 00 00 00 00 00 00 00 00  ................
E0A0:  00 00 00 00 00 00 00 00 00 00 00 00 00 00 00 00  ................
E0B0:  00 00 00 00 00 00 00 00 00 00 00 00 00 00 00 00  ................
E0C0:  00 00 00 00 00 00 00 00 00 00 00 00 00 00 00 00  ................
E0D0:  00 00 00 00 00 00 00 00 00 00 00 00 00 00 00 00  ................
E0E0:  00 00 00 00 00 00 00 00 00 00 00 00 00 00 00 00  ................
E0F0:  00 00 00 00 00 00 00 00 00 00 00 00 00 00 00 00  ................
E100:  00 00 00 00 00 00 00 00 00 00 00 00 00 00 00 00  ................
E110:  00 00 00 00 00 00 00 00 00 00 00 00 00 00 00 00  ................
E120:  00 00 00 00 00 00 00 00 00 00 00 00 00 00 00 00  ................
E130:  00 00 00 00 00 00 00 00 00 00 00 00 00 00 00 00  ................
E140:  00 00 00 00 00 00 00 00 00 00 00 00 00 00 00 00  ................
E150:  00 00 00 00 00 00 00 00 00 00 00 00 00 00 00 00  ................
E160:  00 00 00 00 00 00 00 00 00 00 00 00 00 00 00 00  ................
E170:  00 00 00 00 00 00 00 00 00 00 00 00 00 00 00 00  ................
E180:  00 00 00 00 00 00 00 00 00 00 00 00 00 00 00 00  ................
E190:  00 00 00 00 00 00 00 00 00 00 00 00 00 00 00 00  ................
E1A0:  00 00 00 00 00 00 00 00 00 00 00 00 00 00 00 00  ................
E1B0:  00 00 00 00 00 00 00 00 00 00 00 00 00 00 00 00  ................
E1C0:  00 00 00 00 00 00 00 00 00 00 00 00 00 00 00 00  ................
E1D0:  00 00 00 00 00 00 00 00 00 00 00 00 00 00 00 00  ................
E1E0:  00 00 00 00 00 00 00 00 00 00 00 00 00 00 00 00  ................
E1F0:  00 00 00 00 00 00 00 00 00 00 00 00 00 00 00 00  ................
E200:  00 00 00 00 00 00 00 00 00 00 00 00 00 00 00 00  ................
E210:  00 00 00 00 00 00 00 00 00 00 00 00 00 00 00 00  ................
E220:  00 00 00 00 00 00 00 00 00 00 00 00 00 00 00 00  ................
E230:  00 00 00 00 00 00 00 00 00 00 00 00 00 00 00 00  ................
E240:  00 00 00 00 00 00 00 00 00 00 00 00 00 00 00 00  ................
E250:  00 00 00 00 00 00 00 00 00 00 00 00 00 00 00 00  ................
E260:  00 00 00 00 00 00 00 00 00 00 00 00 00 00 00 00  ................
E270:  00 00 00 00 00 00 00 00 00 00 00 00 00 00 00 00  ................
E280:  00 00 00 00 00 00 00 00 00 00 00 00 00 00 00 00  ................
E290:  00 00 00 00 00 00 00 00 00 00 00 00 00 00 00 00  ................
E2A0:  00 00 00 00 00 00 00 00 00 00 00 00 00 00 00 00  ................
E2B0:  00 00 00 00 00 00 00 00 00 00 00 00 00 00 00 00  ................
E2C0:  00 00 00 00 00 00 00 00 00 00 00 00 00 00 00 00  ................
E2D0:  00 00 00 00 00 00 00 00 00 00 00 00 00 00 00 00  ................
E2E0:  00 00 00 00 00 00 00 00 00 00 00 00 00 00 00 00  ................
E2F0:  00 00 00 00 00 00 00 00 00 00 00 00 00 00 00 00  ................
E300:  3F FF 00 00 00 00 00 00 00 00 00 00 00 00 00 00  ?...............
E310:  00 00 00 00 00 00 00 00 00 00 00 00 00 00 00 00  ................
E320:  00 00 00 00 00 00 00 00 00 00 00 00 00 00 00 00  ................
E330:  00 00 00 00 00 00 00 00 00 00 00 00 00 00 00 00  ................
E340:  00 00 00 00 00 00 00 00 00 00 00 00 00 00 00 00  ................
E350:  00 00 00 00 00 00 00 00 00 00 00 00 00 00 00 00  ................
E360:  00 00 00 00 00 00 00 00 00 00 00 00 00 00 00 00  ................
E370:  00 00 00 00 00 00 00 00 00 00 00 00 00 00 00 00  ................
E380:  00 00 00 00 00 00 00 00 00 00 00 00 00 00 00 00  ................
E390:  00 00 00 00 00 00 00 00 00 00 00 00 00 00 00 00  ................
E3A0:  00 00 00 00 00 00 00 00 00 00 00 00 00 00 00 00  ................
E3B0:  00 00 00 00 00 00 00 00 00 00 00 00 00 00 00 00  ................
E3C0:  00 00 00 00 00 00 00 00 00 00 00 00 00 00 00 00  ................
E3D0:  00 00 00 00 00 00 00 00 00 00 00 00 00 00 00 00  ................
E3E0:  00 00 00 00 00 00 00 00 00 00 00 00 00 00 00 00  ................
E3F0:  00 00 00 00 00 00 00 00 00 00 00 00 00 00 00 00  ................
E400:  00 00 00 00 00 00 00 00 00 00 00 00 00 00 00 00  ................
E410:  00 00 00 00 C0 00 00 00 00 00 00 00 00 00 00 00  ................
E420:  00 00 00 00 00 00 00 00 00 00 00 00 00 00 00 00  ................
E430:  00 00 00 00 00 00 00 00 00 00 00 00 00 00 00 00  ................
E440:  00 00 00 00 00 00 00 00 00 00 00 00 00 00 00 00  ................
E450:  00 00 00 00 00 00 00 00 00 00 00 00 00 00 00 00  ................
E460:  00 00 00 00 00 00 00 00 00 00 00 00 00 00 00 00  ................
E470:  00 00 00 00 00 00 00 00 00 00 00 00 00 00 00 00  ................
E480:  00 00 00 00 00 00 00 00 00 00 00 00 00 00 00 00  ................
E490:  00 00 00 00 00 00 00 00 00 00 00 00 00 00 00 00  ................
E4A0:  00 00 00 00 00 00 00 00 00 00 00 00 00 00 00 00  ................
E4B0:  00 00 00 00 00 00 00 00 00 00 00 00 00 00 00 00  ................
E4C0:  00 00 00 00 00 00 00 00 00 00 00 00 00 00 00 00  ................
E4D0:  00 00 00 00 00 00 00 00 00 00 00 00 00 00 00 00  ................
E4E0:  00 00 00 00 00 00 00 00 00 00 00 00 00 00 00 00  ................
E4F0:  00 00 00 00 00 00 00 00 00 00 00 00 00 00 00 00  ................
E500:  00 00 7D 7D 00 00 7D 7D 00 00 7D 7D 00 00 7D 7D  ..}}..}}..}}..}}
E510:  00 00 7D 7D 00 00 7D 7D 00 00 7D 7D 00 00 7D 7D  ..}}..}}..}}..}}
E520:  00 00 7D 7D 00 00 7D 7D 00 00 7D 7D 00 00 7D 7D  ..}}..}}..}}..}}
E530:  00 00 7D 7D 00 00 7D 7D 00 00 7D 7D 00 00 7D 7D  ..}}..}}..}}..}}
E540:  00 00 7D 7D 00 00 7D 7D 00 00 7D 7D 00 00 7D 7D  ..}}..}}..}}..}}
E550:  00 00 7D 7D 00 00 7D 7D 00 00 7D 7D 00 00 7D 7D  ..}}..}}..}}..}}
E560:  00 00 7D 7D 00 00 7D 7D 00 00 7D 7D 00 00 7D 7D  ..}}..}}..}}..}}
E570:  00 00 7D 7D 00 00 7D 7D 00 00 7D 7D 00 00 7D 7D  ..}}..}}..}}..}}
E580:  00 00 7D 7D 00 00 7D 7D 00 00 7D 7D 00 00 7D 7D  ..}}..}}..}}..}}
E590:  00 00 7D 7D 00 00 7D 7D 00 00 7D 7D 00 00 7D 7D  ..}}..}}..}}..}}
E5A0:  00 00 7D 7D 00 00 7D 7D 00 00 7D 7D 00 00 7D 7D  ..}}..}}..}}..}}
E5B0:  00 00 7D 7D 00 00 7D 7D 00 00 7D 7D 00 00 7D 7D  ..}}..}}..}}..}}
E5C0:  00 00 7D 7D 00 00 7D 7D 00 00 7D 7D 00 00 7D 7D  ..}}..}}..}}..}}
E5D0:  00 00 7D 7D 00 00 7D 7D 00 00 7D 7D 00 00 7D 7D  ..}}..}}..}}..}}
E5E0:  00 00 7D 7D 00 00 7D 7D 00 00 7D 7D 00 00 7D 7D  ..}}..}}..}}..}}
E5F0:  00 00 7D 7D 00 00 7D 7D 00 00 7D 7D 00 00 7D 7D  ..}}..}}..}}..}}
E600:  00 00 C0 00 00 00 00 FF 00 00 C0 00 00 00 00 FF  ................
E610:  00 00 C0 00 00 00 00 FF 00 00 C0 00 00 00 00 FF  ................
E620:  00 00 C0 00 00 00 00 FF 00 00 C0 00 00 00 00 FF  ................
E630:  00 00 C0 00 00 00 00 FF 00 00 C0 00 00 00 00 FF  ................
E640:  00 00 C0 00 00 00 00 FF 00 00 C0 00 00 00 00 FF  ................
E650:  00 00 C0 00 00 00 00 FF 00 00 C0 00 00 00 00 FF  ................
E660:  00 00 C0 00 00 00 00 FF 00 00 C0 00 00 00 00 FF  ................
E670:  00 00 C0 00 00 00 00 FF 00 00 C0 00 00 00 00 FF  ................
E680:  00 00 C0 00 00 00 00 FF 00 00 C0 00 00 00 00 FF  ................
E690:  00 00 C0 00 00 00 00 FF 00 00 C0 00 00 00 00 FF  ................
E6A0:  00 00 C0 00 00 00 00 FF 00 00 C0 00 00 00 00 FF  ................
E6B0:  00 00 C0 00 00 00 00 FF 00 00 C0 00 00 00 00 FF  ................
E6C0:  00 00 C0 00 00 00 00 FF 00 00 C0 00 00 00 00 FF  ................
E6D0:  00 00 C0 00 00 00 00 FF 00 00 C0 00 00 00 00 FF  ................
E6E0:  00 00 C0 00 00 00 00 FF 00 00 C0 00 00 00 00 FF  ................
E6F0:  00 00 C0 00 00 00 00 FF 00 00 C0 00 00 00 00 FF  ................
E700:  00 00 00 00 00 00 00 00 00 00 00 00 00 00 00 00  ................
E710:  00 00 00 00 00 00 00 00 00 00 00 00 00 00 00 00  ................
E720:  00 00 00 00 00 00 00 00 00 00 00 00 00 00 00 00  ................
E730:  00 00 00 00 00 00 00 00 00 00 00 00 00 00 00 00  ................
E740:  00 00 00 00 00 00 00 00 00 00 00 00 00 00 00 00  ................
E750:  00 00 00 00 00 00 00 00 00 00 00 00 00 00 00 00  ................
E760:  00 00 00 00 00 00 00 00 00 00 00 00 00 00 00 00  ................
E770:  00 00 00 00 00 00 00 00 00 00 00 00 00 00 00 00  ................
E780:  00 00 00 00 00 00 00 00 00 00 00 00 00 00 00 00  ................
E790:  00 00 00 00 00 00 00 00 00 00 00 00 00 00 00 00  ................
E7A0:  00 00 00 00 00 00 00 00 00 00 00 00 00 00 00 00  ................
E7B0:  00 00 00 00 00 00 00 00 00 00 00 00 00 00 00 00  ................
E7C0:  00 00 00 00 00 00 00 00 00 00 00 00 00 00 00 00  ................
E7D0:  00 00 00 00 00 00 00 00 00 00 00 00 00 00 00 00  ................
E7E0:  00 00 00 00 00 00 00 00 00 00 00 00 00 00 00 00  ................
E7F0:  00 00 00 00 00 00 00 00 00 00 00 00 00 00 00 00  ................
E800:  00 00 00 00 00 00 00 00 00 00 00 00 00 00 00 00  ................
E810:  00 00 00 00 00 00 00 00 00 00 00 00 00 00 00 00  ................
E820:  00 00 00 00 00 00 00 00 00 00 00 00 00 00 00 00  ................
E830:  00 00 00 00 00 00 00 00 00 00 00 00 00 00 00 00  ................
E840:  00 00 00 00 00 00 00 00 00 00 00 00 00 00 00 00  ................
E850:  00 00 00 00 00 00 00 00 00 00 00 00 00 00 00 00  ................
E860:  00 00 00 00 00 00 00 00 00 00 00 00 00 00 00 00  ................
E870:  00 00 00 00 00 00 00 00 00 00 00 00 00 00 00 00  ................
E880:  00 00 00 00 00 00 00 00 00 00 00 00 00 00 00 00  ................
E890:  00 00 00 00 00 00 00 00 00 00 00 00 00 00 00 00  ................
E8A0:  00 00 00 00 00 00 00 00 00 00 00 00 00 00 00 00  ................
E8B0:  00 00 00 00 00 00 00 00 00 00 00 00 00 00 00 00  ................
E8C0:  00 00 00 00 00 00 00 00 00 00 00 00 00 00 00 00  ................
E8D0:  00 00 00 00 00 00 00 00 00 00 00 00 00 00 00 00  ................
E8E0:  00 00 00 00 00 00 00 00 00 00 00 00 00 00 00 00  ................
E8F0:  00 00 00 00 00 00 00 00 00 00 00 00 00 00 00 00  ................
E900:  00 00 00 00 00 00 00 00 00 00 00 00 00 00 00 00  ................
E910:  00 00 00 00 00 00 00 00 00 00 00 00 00 00 00 00  ................
E920:  00 00 00 00 00 00 00 00 00 00 00 00 00 00 00 00  ................
E930:  00 00 00 00 00 00 00 00 00 00 00 00 00 00 00 00  ................
E940:  00 00 00 00 00 00 00 00 00 00 00 00 00 00 00 00  ................
E950:  00 00 00 00 00 00 00 00 00 00 00 00 00 00 00 00  ................
E960:  00 00 00 00 00 00 00 00 00 00 00 00 00 00 00 00  ................
E970:  00 00 00 00 00 00 00 00 00 00 00 00 00 00 00 00  ................
E980:  00 00 00 00 00 00 00 00 00 00 00 00 00 00 00 00  ................
E990:  00 00 00 00 00 00 00 00 00 00 00 00 00 00 00 00  ................
E9A0:  00 00 00 00 00 00 00 00 00 00 00 00 00 00 00 00  ................
E9B0:  00 00 00 00 00 00 00 00 00 00 00 00 00 00 00 00  ................
E9C0:  00 00 00 00 00 00 00 00 00 00 00 00 00 00 00 00  ................
E9D0:  00 00 00 00 00 00 00 00 00 00 00 00 00 00 00 00  ................
E9E0:  00 00 00 00 00 00 00 00 00 00 00 00 00 00 00 00  ................
E9F0:  00 00 00 00 00 00 00 00 00 00 00 00 00 00 00 00  ................
EA00:  00 00 00 00 00 00 00 00 00 00 00 00 00 00 00 00  ................
EA10:  00 00 00 00 00 00 00 00 00 00 00 00 00 00 00 00  ................
EA20:  00 00 00 00 00 00 00 00 00 00 00 00 00 00 00 00  ................
EA30:  00 00 00 00 00 00 00 00 00 00 00 00 00 00 00 00  ................
EA40:  00 00 00 00 00 00 00 00 00 00 00 00 00 00 00 00  ................
EA50:  00 00 00 00 00 00 00 00 00 00 00 00 00 00 00 00  ................
EA60:  00 00 00 00 00 00 00 00 00 00 00 00 00 00 00 00  ................
EA70:  00 00 00 00 00 00 00 00 00 00 00 00 00 00 00 00  ................
EA80:  00 00 00 00 00 00 00 00 00 00 00 00 00 00 00 00  ................
EA90:  00 00 00 00 00 00 00 00 00 00 00 00 00 00 00 00  ................
EAA0:  00 00 00 00 00 00 00 00 00 00 00 00 00 00 00 00  ................
EAB0:  00 00 00 00 00 00 00 00 00 00 00 00 00 00 00 00  ................
EAC0:  00 00 00 00 00 00 00 00 00 00 00 00 00 00 00 00  ................
EAD0:  00 00 00 00 00 00 00 00 00 00 00 00 00 00 00 00  ................
EAE0:  00 00 00 00 00 00 00 00 00 00 00 00 00 00 00 00  ................
EAF0:  00 00 00 00 00 00 00 00 00 00 00 00 00 00 00 00  ................
EB00:  00 00 00 00 00 00 00 00 00 00 00 00 00 00 00 00  ................
EB10:  00 00 00 00 00 00 00 00 00 00 00 00 00 00 00 00  ................
EB20:  00 00 00 00 00 00 00 00 00 00 00 00 00 00 00 00  ................
EB30:  00 00 00 00 00 00 00 00 00 00 00 00 00 00 00 00  ................
EB40:  00 00 00 00 00 00 00 00 00 00 00 00 00 00 00 00  ................
EB50:  00 00 00 00 00 00 00 00 00 00 00 00 00 00 00 00  ................
EB60:  00 00 00 00 00 00 00 00 00 00 00 00 00 00 00 00  ................
EB70:  00 00 00 00 00 00 00 00 00 00 00 00 00 00 00 00  ................
EB80:  00 00 00 00 00 00 00 00 00 00 00 00 00 00 00 00  ................
EB90:  00 00 00 00 00 00 00 00 00 00 00 00 00 00 00 00  ................
EBA0:  00 00 00 00 00 00 00 00 00 00 00 00 00 00 00 00  ................
EBB0:  00 00 00 00 00 00 00 00 00 00 00 00 00 00 00 00  ................
EBC0:  00 00 00 00 00 00 00 00 00 00 00 00 00 00 00 00  ................
EBD0:  00 00 00 00 00 00 00 00 00 00 00 00 00 00 00 00  ................
EBE0:  00 00 00 00 00 00 00 00 00 00 00 00 00 00 00 00  ................
EBF0:  00 00 00 00 00 00 00 00 00 00 00 00 00 00 00 00  ................
EC00:  00 00 00 00 00 00 00 00 00 00 00 00 00 00 00 00  ................
EC10:  00 00 00 00 00 00 00 00 00 00 00 00 00 00 00 00  ................
EC20:  00 00 00 00 00 00 00 00 00 00 00 00 00 00 00 00  ................
EC30:  00 00 00 00 00 00 00 00 00 00 00 00 00 00 00 00  ................
EC40:  00 00 00 00 00 00 00 00 00 00 00 00 00 00 00 00  ................
EC50:  00 00 00 00 00 00 00 00 00 00 00 00 00 00 00 00  ................
EC60:  00 00 00 00 00 00 00 00 00 00 00 00 00 00 00 00  ................
EC70:  00 00 00 00 00 00 00 00 00 00 00 00 00 00 00 00  ................
EC80:  00 00 00 00 00 00 00 00 00 00 00 00 00 00 00 00  ................
EC90:  00 00 00 00 00 00 00 00 00 00 00 00 00 00 00 00  ................
ECA0:  00 00 00 00 00 00 00 00 00 00 00 00 00 00 00 00  ................
ECB0:  00 00 00 00 00 00 00 00 00 00 00 00 00 00 00 00  ................
ECC0:  00 00 00 00 00 00 00 00 00 00 00 00 00 00 00 00  ................
ECD0:  00 00 00 00 00 00 00 00 00 00 00 00 00 00 00 00  ................
ECE0:  00 00 00 00 00 00 00 00 00 00 00 00 00 00 00 00  ................
ECF0:  00 00 00 00 00 00 00 00 00 00 00 00 00 00 00 00  ................
ED00:  00 00 00 00 00 00 00 00 00 00 00 00 00 00 00 00  ................
ED10:  00 00 00 00 00 00 00 00 00 00 00 00 00 00 00 00  ................
ED20:  00 00 00 00 00 00 00 00 00 00 00 00 00 00 00 00  ................
ED30:  00 00 00 00 00 00 00 00 00 00 00 00 00 00 00 00  ................
ED40:  00 00 00 00 00 00 00 00 00 00 00 00 00 00 00 00  ................
ED50:  00 00 00 00 00 00 00 00 00 00 00 00 00 00 00 00  ................
ED60:  00 00 00 00 00 00 00 00 00 00 00 00 00 00 00 00  ................
ED70:  00 00 00 00 00 00 00 00 00 00 00 00 00 00 00 00  ................
ED80:  00 00 00 00 00 00 00 00 00 00 00 00 00 00 00 00  ................
ED90:  00 00 00 00 00 00 00 00 00 00 00 00 00 00 00 00  ................
EDA0:  00 00 00 00 00 00 00 00 00 00 00 00 00 00 00 00  ................
EDB0:  00 00 00 00 00 00 00 00 00 00 00 00 00 00 00 00  ................
EDC0:  00 00 00 00 00 00 00 00 00 00 00 00 00 00 00 00  ................
EDD0:  00 00 00 00 00 00 00 00 00 00 00 00 00 00 00 00  ................
EDE0:  00 00 00 00 00 00 00 00 00 00 00 00 00 00 00 00  ................
EDF0:  00 00 00 00 00 00 00 00 00 00 00 00 00 00 00 00  ................
EE00:  00 00 00 00 00 00 00 00 00 00 00 00 00 00 00 00  ................
EE10:  00 00 00 00 00 00 00 00 00 00 00 00 00 00 00 00  ................
EE20:  00 00 00 00 00 00 00 00 00 00 00 00 00 00 00 00  ................
EE30:  00 00 00 00 00 00 00 00 00 00 00 00 00 00 00 00  ................
EE40:  00 00 00 00 00 00 00 00 00 00 00 00 00 00 00 00  ................
EE50:  00 00 00 00 00 00 00 00 00 00 00 00 00 00 00 00  ................
EE60:  00 00 00 00 00 00 00 00 00 00 00 00 00 00 00 00  ................
EE70:  00 00 00 00 00 00 00 00 00 00 00 00 00 00 00 00  ................
EE80:  00 00 00 00 00 00 00 00 00 00 00 00 00 00 00 00  ................
EE90:  00 00 00 00 00 00 00 00 00 00 00 00 00 00 00 00  ................
EEA0:  00 00 00 00 00 00 00 00 00 00 00 00 00 00 00 00  ................
EEB0:  00 00 00 00 00 00 00 00 00 00 00 00 00 00 00 00  ................
EEC0:  00 00 00 00 00 00 00 00 00 00 00 00 00 00 00 00  ................
EED0:  00 00 00 00 00 00 00 00 00 00 00 00 00 00 00 00  ................
EEE0:  00 00 00 00 00 00 00 00 00 00 00 00 00 00 00 00  ................
EEF0:  00 00 00 00 00 00 00 00 00 00 00 00 00 00 00 00  ................
EF00:  00 00 00 00 00 00 00 00 00 00 00 00 00 00 00 00  ................
EF10:  00 00 00 00 00 00 00 00 00 00 00 00 00 00 00 00  ................
EF20:  00 00 00 00 00 00 00 00 00 00 00 00 00 00 00 00  ................
EF30:  00 00 00 00 00 00 00 00 00 00 00 00 00 00 00 00  ................
EF40:  00 00 00 00 00 00 00 00 00 00 00 00 00 00 00 00  ................
EF50:  00 00 00 00 00 00 00 00 00 00 00 00 00 00 00 00  ................
EF60:  00 00 00 00 00 00 00 00 00 00 00 00 00 00 00 00  ................
EF70:  00 00 00 00 00 00 00 00 00 00 00 00 00 00 00 00  ................
EF80:  00 00 00 00 00 00 00 00 00 00 00 00 00 00 00 00  ................
EF90:  00 00 00 00 00 00 00 00 00 00 00 00 00 00 00 00  ................
EFA0:  00 00 00 00 00 00 00 00 00 00 00 00 00 00 00 00  ................
EFB0:  00 00 00 00 00 00 00 00 00 00 00 00 00 00 00 00  ................
EFC0:  00 00 00 00 00 00 00 00 00 00 00 00 00 00 00 00  ................
EFD0:  00 00 00 00 00 00 00 00 00 00 00 00 00 00 00 00  ................
EFE0:  00 00 00 00 00 00 00 00 00 00 00 00 00 00 00 00  ................
EFF0:  00 00 00 00 00 00 00 00 00 00 00 00 00 00 00 00  ................
